ticker,sector,marketCap,trailingPE,forwardPE,priceToBook,enterpriseToRevenue,returnOnEquity,returnOnAssets,profitMargins,operatingMargins,debtToEquity,currentRatio,quickRatio,beta,revenueGrowth,earningsGrowth
MMM,Industrials,89204817920,26.753992,21.199999,19.224058,3.908,0.72920996,0.07971,0.137,0.24367,281.904,1.842,1.027,1.148,0.035,-0.375
AOS,Industrials,9533015040,18.336927,16.714987,5.1355023,2.486,0.28209,0.13878,0.13851,0.18631001,12.063,1.544,0.894,1.335,0.044,0.146
ABT,Healthcare,217696616448,15.713568,24.24031,4.268505,5.087,0.3062,0.067930005,0.3188,0.19395,25.31,1.703,1.088,0.714,0.069,0.0
ABBV,Healthcare,399570305024,172.58015,18.638088,-151.22408,7.759,1.37961,0.09585,0.04004,0.35497,,0.725,0.468,0.349,0.091,-0.887
ACN,Technology,166046285824,21.92352,18.947407,5.314263,2.34,0.25509,0.111829996,0.11021,0.1522,25.38,1.42,1.301,1.261,0.073,-0.155
ADBE,Technology,146883493888,21.600748,16.849636,12.355838,6.283,0.52875,0.18094,0.30012,0.36289,56.542,1.019,0.87,1.54,0.107,0.112
AMD,Technology,354864234496,113.52605,42.739216,5.8374395,10.975,0.05317,0.025980001,0.10323,0.13736,6.366,2.308,1.176,1.927,0.356,0.603
AES,Utilities,9912723456,9.157895,6.857143,2.564953,3.863,0.05106,0.02269,0.0874,0.20501,302.896,0.723,0.376,1.001,0.019,0.253
AFL,Financial Services,58446385152,14.360052,15.241282,2.0025654,3.53,0.1558,0.02645,0.23552,0.4327,50.003,1.089,0.993,0.658,0.607,
A,Healthcare,41246478336,31.835886,25.750443,6.109175,6.152,0.20618999,0.07524,0.18754,0.23804002,49.755,1.957,1.396,1.274,0.094,0.249
APD,Basic Materials,58027048960,,18.397318,3.862017,6.39,-0.01923,-0.0126,-0.03277,-0.89169,106.228,1.381,0.999,0.863,-0.006,-0.998
ABNB,Consumer Cyclical,76113133568,29.6,27.626667,8.779041,5.524,0.30776,0.07475,0.2203,0.39683,26.458,1.392,0.845,1.118,0.097,0.038
AKAM,Technology,12011308032,24.48387,12.498503,2.5366104,3.901,0.10642,0.03785,0.12262999,0.15743,110.548,2.281,1.983,0.682,0.05,1.553
ALB,Basic Materials,14734555136,,68.03804,1.8984578,3.856,0.00209,0.0014,-0.00428,-0.02244,36.655,2.273,1.384,1.431,-0.035,
ARE,Real Estate,7860083712,,13.22093,0.46558768,8.408,-0.01084,0.010670001,-0.13436,0.19073,66.083,1.579,1.363,1.329,-0.05,
ALGN,Healthcare,11395581952,30.467056,15.322613,2.861798,2.61,0.095769994,0.06323,0.095010005,0.15673,3.064,1.289,1.091,1.859,0.018,-0.497
ALLE,Industrials,13685962752,21.497297,20.421053,7.0305386,3.931,0.36411,0.10391,0.16092,0.21856001,116.084,1.771,1.014,1.043,0.107,0.095
LNT,Utilities,16837017600,20.597485,20.278637,2.3042285,6.552,0.11461,0.027209999,0.19139,0.28843,163.145,0.825,0.554,0.654,0.119,-0.052
ALL,Financial Services,53299224576,6.556564,10.629006,2.0778887,0.798,0.34469002,0.05093,0.12533,0.24439,29.43,0.426,0.288,0.249,0.038,2.222
GOOGL,Communication Services,3891261341696,31.746046,35.856026,10.029345,9.916,0.3545,0.16275999,0.32233003,0.30512,11.424,1.747,1.563,1.07,0.159,0.353
GOOG,Communication Services,3888216801280,31.733006,35.98771,10.054943,9.942,0.3545,0.16275999,0.32233003,0.30512,11.424,1.747,1.563,1.07,0.159,0.353
MO,Consumer Defensive,97416880128,11.066794,10.839252,-36.79569,5.932,,0.22268,0.4398,0.62826,,0.618,0.449,0.5,-0.017,0.052
AMZN,Consumer Cyclical,2453725249536,32.465347,37.32195,6.636308,3.645,0.24327,0.07495,0.11063,0.11057,43.405,1.009,0.76,1.372,0.134,0.364
AMCR,Consumer Cyclical,19159388160,27.666666,10.50633,1.6325728,1.96,0.07467,0.03593,0.03345,0.09713,134.68,1.042,0.52,0.681,0.713,-0.144
AEE,Utilities,27011622912,19.203848,20.296747,2.1136181,5.47,0.11387,0.02931,0.1634,0.34,155.736,0.93,0.461,0.581,0.248,0.382
AEP,Utilities,62915121152,17.209372,19.955858,2.069767,5.203,0.12923001,0.03209,0.17228001,0.25885,152.132,0.686,0.419,0.598,0.109,0.006
AXP,Financial Services,257719992320,24.872396,24.49405,7.871581,4.007,0.33935001,0.03708,0.16143999,0.22052999,185.273,1.602,1.579,1.147,0.122,0.186
AIG,Financial Services,42674913280,13.854317,11.47988,1.0208598,1.469,0.07688,0.017819999,0.120170005,0.15235,22.48,0.617,0.214,0.626,-0.041,0.323
AMT,Real Estate,83751411712,28.48089,26.341679,21.189432,12.78,0.28839,0.04733,0.28106,0.45477,418.09,0.59,0.492,0.915,0.077,
AWK,Utilities,25268502528,22.759226,22.7193,2.3167198,7.969,0.10457,0.035520002,0.21933001,0.42591,140.983,0.421,0.31,0.751,0.097,0.081
AMP,Financial Services,44973195264,13.124072,12.349469,6.8826914,2.057,0.59589,0.022219999,0.19586,0.37298,54.222,2.433,1.554,1.263,0.073,0.866
AME,Industrials,46144602112,31.563982,27.369864,4.369314,6.742,0.14632,0.07488,0.20502001,0.25787002,26.09,1.155,0.66,1.047,0.108,0.088
AMGN,Healthcare,177639391232,25.513535,15.959846,18.467783,6.193,0.8171,0.07706,0.19474001,0.34153,567.491,1.28,0.823,0.447,0.124,0.136
APH,Technology,170584375296,46.453335,64.51852,13.620015,8.337,0.34807998,0.14032,0.18218,0.27481002,63.99,2.07,1.409,1.194,0.534,1.021
ADI,Technology,137734815744,61.686405,37.306366,4.073125,12.981,0.06573,0.03891,0.20575,0.30501,26.5,2.19,1.568,1.039,0.259,0.661
AON,Financial Services,74434306048,27.616001,19.85049,9.357296,5.339,0.3769,0.05587,0.15962,0.20365,214.88,1.058,0.222,0.833,0.074,0.344
APA,Energy,9696013312,6.483254,9.854546,1.6157883,1.56,0.27427998,0.099259995,0.16093999,0.27281,66.895,0.775,0.585,0.755,-0.164,
APO,Financial Services,80173776896,20.10626,16.288916,3.6877937,3.671,0.16549,0.0144299995,0.15777001,0.29920998,94.598,1.986,1.875,1.605,0.264,1.153
AAPL,Technology,4137203793920,37.319946,33.54753,55.85654,10.037,1.7142199,0.22964,0.26915002,0.31647,152.411,0.893,0.771,1.107,0.079,0.912
AMAT,Technology,213500166144,30.946882,27.65738,10.423149,7.43,0.35508,0.14974,0.24669,0.27838,32.109,2.61,1.72,1.666,-0.035,0.135
APTV,Consumer Cyclical,16630317056,57.85606,10.941261,1.7817233,1.157,0.03294,0.057729997,0.01464,0.114350006,85.425,1.793,1.215,1.516,0.074,
ACGL,Financial Services,34231764992,8.596064,10.146018,1.4657142,1.699,0.17811,0.03899,0.20959,0.30691,11.501,0.564,0.277,0.447,0.082,0.391
ADM,Consumer Defensive,28358418432,23.987804,11.639052,1.2592024,0.44,0.05242,0.0175,0.01429,0.01949,40.467,1.372,0.369,0.686,0.022,4.891
ANET,Technology,161931476992,48.70833,13.215828,13.598772,17.971,0.31736,0.14658,0.3973,0.42378,,3.254,2.485,1.411,0.275,0.155
AJG,Financial Services,61558726656,38.29233,21.250887,2.6526864,6.118,0.090670004,0.023020001,0.13257,0.17212,58.979,1.055,0.167,0.688,0.2,-0.252
AIZ,Financial Services,11245844480,13.589634,12.436942,1.9427809,0.9,0.15413,0.020539999,0.06753,0.11153,38.316,0.41,0.146,0.573,0.089,1.027
T,Communication Services,180761755648,8.234529,11.285714,1.6233225,2.708,0.19139999,0.040209997,0.17870001,0.2158,124.412,1.013,0.707,0.593,0.016,
ATO,Utilities,27696451584,22.930387,23.990196,2.0411105,7.825,0.09323,0.037130002,0.2549,0.30696,68.616,0.773,0.431,0.747,0.121,0.256
ADSK,Technology,65335619584,59.56116,33.41394,22.478382,9.505,0.40333998,0.097449996,0.16129999,0.25688,94.504,0.823,0.654,1.475,0.18,0.26
ADP,Technology,105983565824,25.827246,24.068998,16.619871,5.166,0.70572996,0.06624,0.19788,0.25891,154.917,1.054,0.266,0.86,0.071,0.064
AZO,Consumer Cyclical,63704629248,26.385006,21.92898,-18.658134,4.006,,0.12353,0.13191,0.19159001,,0.876,0.101,0.405,0.006,-0.056
AVB,Real Estate,25347026944,21.683313,32.133575,2.1089168,11.148,0.09754,0.02813,0.38122,0.2928,73.165,0.707,0.09,0.743,0.044,0.024
AVY,Consumer Cyclical,13861383168,20.355278,17.046577,6.289633,1.945,0.30211002,0.08288,0.07932,0.12687999,171.013,1.264,0.793,1.015,0.015,-0.053
AXON,Industrials,43475722240,175.46178,88.86291,14.355507,16.861,0.10028,-0.00032000002,0.100509994,-0.00229,69.33,3.124,2.729,1.395,0.306,
BKR,Energy,48549277696,16.965517,19.14397,2.6728964,1.88,0.1689,0.057729997,0.104329996,0.13524,33.042,1.409,0.744,0.892,0.015,-0.208
BALL,Consumer Cyclical,13343460352,19.077822,13.889518,2.4279487,1.585,0.117469996,0.04535,0.05357,0.11542,138.426,1.105,0.675,1.135,0.096,0.811
BAC,Financial Services,399604809728,14.740437,14.740437,1.42157,4.03,0.09871,0.00881,0.29224002,0.35292998,,,,1.304,0.126,0.315
BAX,Healthcare,9530595328,,6.4375,1.3159204,1.587,-0.04658,0.02849,-0.030940002,0.10123,134.627,1.837,0.954,0.607,0.05,
BDX,Healthcare,55594262528,33.32646,12.33058,2.1802568,3.422,0.06544,0.041739997,0.07683,0.17858,78.85,1.113,0.438,0.277,0.083,0.252
BRK-B,Financial Services,1088030244864,16.128557,25.116533,0.0010392884,-0.676,0.1017,0.04775,0.18129,0.41103,18.166,2.722,2.55,0.703,0.021,0.172
BBY,Consumer Cyclical,15675583488,24.478548,10.843567,5.871131,0.444,0.22493,0.06519,0.015420001,0.039809998,154.542,1.045,0.208,1.391,0.024,-0.476
TECH,Healthcare,9610527744,125.87755,28.164383,4.886706,8.104,0.038,0.060900003,0.06409,0.1451,20.067,4.217,2.275,1.463,-0.01,0.143
BIIB,Healthcare,26597122048,16.526892,10.882353,1.4607539,2.904,0.09307,0.057490002,0.1598,0.30718002,36.194,2.716,1.766,0.128,0.028,0.192
BLK,Financial Services,166346604544,27.62587,21.836254,2.9956973,7.653,0.120740004,0.034140002,0.26638,0.3214,24.32,2.256,1.661,1.484,0.252,-0.226
BX,Financial Services,186696990720,43.721264,26.097769,14.190449,11.226,0.26457,0.121190004,0.2117,0.44629002,65.942,1.004,0.941,1.762,-0.196,-0.214
XYZ,Technology,37251678208,12.295775,18.618042,1.6541699,1.519,0.14692001,0.0226,0.13081001,0.06871,36.049,2.183,1.257,2.658,0.023,0.644
BK,Financial Services,80411557888,16.453102,17.460949,2.0365078,-0.773,0.121520005,0.01194,0.26568002,0.37402,,,,1.12,0.1,0.253
BA,Industrials,153455673344,,429.5532,-18.576555,2.314,,-0.035099998,-0.12197,-0.204,,1.182,0.335,1.175,0.304,
BKNG,Consumer Cyclical,168435482624,33.784306,24.7655,-35.451447,6.481,,0.20249,0.19371,0.44904998,,1.334,1.262,1.254,0.127,0.135
BSX,Healthcare,144567730176,52.14973,34.953403,6.1791916,8.04,0.12488,0.05756,0.1443,0.20731,50.973,1.508,0.77,0.674,0.203,0.6
BMY,Healthcare,106164527104,17.558924,7.4182076,5.723222,2.93,0.33777002,0.0939,0.12572,0.31566,274.414,1.266,1.106,0.302,0.028,0.809
AVGO,Technology,1842855673856,100.06153,63.24797,6.5895543,3.167,0.27083,0.08895001,0.31592,0.31765,166.032,1.497,1.279,1.204,0.164,1.881
BR,Technology,27083128832,29.670076,24.814972,10.275465,4.29,0.38215,0.09519,0.13112001,0.118719995,132.063,0.927,0.798,0.994,0.117,1.059
BRO,Financial Services,26757148672,23.748486,19.16137,2.1322849,6.284,0.10695,0.03938,0.18691999,0.24129,64.746,1.182,0.472,0.815,0.342,-0.161
BF-B,Consumer Defensive,14386485248,17.777777,16.0,3.450624,4.219,0.20666,0.08208,0.20828,0.2944,64.03,2.974,0.961,0.403,-0.054,-0.139
BLDR,Industrials,12164970496,20.874763,9.442919,2.8177347,1.083,0.13555999,0.057589997,0.03795,0.05805,117.723,1.786,1.083,1.565,-0.069,-0.549
BG,Consumer Defensive,18731806720,10.543919,10.067741,1.148482,0.57,0.09758,0.02592,0.02201,0.02194,102.816,1.66,0.476,0.778,0.716,-0.46
BXP,Real Estate,12255392768,,37.048126,2.1949751,8.754,-0.01883,0.02379,-0.058509998,0.28563,231.148,1.101,0.984,1.008,0.018,
CHRW,Industrials,18573527040,31.82591,33.02941,10.025507,1.208,0.34318,0.095790006,0.03636,0.05578,80.904,1.585,1.516,0.906,-0.109,0.675
CDNS,Technology,91973541888,86.99226,49.274452,17.671728,17.539,0.21736,0.11089,0.20354,0.35089,47.685,3.048,2.685,1.051,0.101,0.207
CZR,Consumer Cyclical,4833723392,,17.343283,1.2596889,2.624,-0.04259,0.03948,-0.0212,0.17881,647.396,0.778,0.567,2.048,-0.002,
CPT,Real Estate,11099860992,42.05668,64.12345,2.4828508,9.404,0.059310004,0.01989,0.1705,0.15994,81.136,0.052,0.038,0.825,0.021,
CPB,Consumer Defensive,8820578304,14.726368,8.680352,2.2605774,1.551,0.15636,0.06123,0.058709998,0.13098,184.734,0.768,0.246,-0.057,0.012,
COF,Financial Services,147523846144,78.73037,14.730523,1.3527952,5.18,0.01615,0.0024899999,0.04899,0.38719,,,,1.166,0.679,0.095
CAH,Healthcare,47241023488,30.034744,23.012732,-16.436306,0.221,,0.03438,0.00681,0.01205,,0.957,0.456,0.635,0.224,0.106
KMX,Consumer Cyclical,5825801216,11.384164,10.297082,0.9245499,0.866,0.084180005,0.01864,0.01843,0.021440001,311.84,2.461,0.317,1.292,-0.053,-0.248
CCL,Consumer Cyclical,35076669440,13.335052,15.040698,2.8456717,2.29,0.25733998,0.05284,0.10069,0.27867,233.568,0.338,0.241,2.536,0.033,0.06
CARR,Industrials,46202032128,33.93125,17.858553,3.1578643,2.583,0.0998,0.03812,0.18052,0.09554,83.159,1.141,0.655,1.298,-0.068,0.005
CAT,Industrials,282572423168,30.963552,27.231152,13.6640005,4.904,0.46283,0.08201,0.14339,0.17746,201.046,1.384,0.784,1.563,0.095,-0.036
CBOE,Financial Services,26449946624,27.178493,27.533768,5.4141583,5.749,0.21621001,0.09729,0.21287,0.32846,32.645,1.718,0.903,0.353,0.081,0.377
CBRE,Real Estate,47870808064,39.816833,26.81,5.524228,1.422,0.14091,0.044299997,0.031229999,0.04923,104.121,1.127,0.883,1.337,0.135,0.658
CDW,Technology,19167633408,18.489254,14.451581,7.5034633,1.117,0.43007,0.07037,0.04757,0.07774,239.737,1.39,1.244,1.063,0.04,-0.056
COR,Healthcare,65891811328,42.72453,20.761614,43.680557,0.221,1.23751,0.03259,0.00484,0.0114400005,534.1,0.903,0.512,0.633,0.059,
CNC,Healthcare,18844801024,,5.446023,0.8994089,0.103,-0.2186,0.020079998,-0.03155,0.0054699997,83.51,1.084,1.04,0.476,0.215,
CNP,Utilities,25089728512,24.322784,22.086206,2.2736955,5.13,0.09606,0.02901,0.11367,0.2495,202.111,0.513,0.336,0.558,0.071,0.506
CF,Basic Materials,12614453248,9.41717,12.601942,2.5326004,2.457,0.21967,0.09551,0.20472,0.33936,44.133,2.273,1.863,0.679,0.211,0.416
CRL,Healthcare,9070903296,,17.92899,2.6636317,2.868,-0.021879999,0.043449998,-0.020450002,0.15772,76.251,1.366,0.839,1.635,-0.005,-0.173
SCHW,Financial Services,170303881216,21.971897,24.689474,3.932928,6.069,0.17046,0.01768,0.35930002,0.49242002,99.789,0.59,0.59,0.956,0.266,0.775
CHTR,Communication Services,28014813184,5.6877427,5.732253,1.7302322,2.32,0.31327,0.05546,0.092939995,0.23858999,497.907,0.375,0.313,1.065,-0.009,-0.054
CVX,Energy,302223360000,21.097046,13.586957,1.5909381,1.81,0.07316,0.04047,0.06767,0.098529994,21.239,1.152,0.72,0.673,-0.014,-0.266
CMG,Consumer Cyclical,45509636096,30.035397,25.908398,13.967077,4.109,0.44958,0.13583,0.13036,0.16134001,154.574,1.542,1.415,0.991,0.075,0.022
CB,Financial Services,117613641728,12.332776,12.494705,1.6188954,2.371,0.1364,0.029679999,0.16442,0.25623,30.958,0.38,0.176,0.522,0.091,0.226
CHD,Consumer Defensive,20589807616,26.662458,22.659517,4.8052754,3.646,0.18594,0.07856,0.12742,0.16057,56.855,1.086,0.607,0.454,0.05,
CI,Healthcare,70905880576,11.750332,8.475096,1.6927708,0.366,0.15538,0.0395,0.02293,0.04,81.021,0.828,0.687,0.263,0.095,1.654
CINF,Financial Services,25379893248,12.075893,22.141884,1.6434445,2.036,0.14529,0.04305,0.17569,0.38272,5.732,1.118,0.929,0.695,0.122,0.367
CTAS,Industrials,75251007488,41.5,39.903847,15.823589,7.349,0.42187,0.15977,0.17538,0.22731,56.254,2.239,1.034,0.963,0.087,0.091
CSCO,Technology,308066844672,30.104248,19.992308,6.55045,5.58,0.22418,0.06646,0.17902,0.23604,63.228,0.927,0.718,0.864,0.075,0.06
C,Financial Services,200436957184,15.292134,15.143254,1.0043447,0.41,0.06995,0.0058399998,0.19488001,0.30606002,,,,1.196,0.116,0.232
CFG,Financial Services,23922614272,15.535014,14.3307495,1.0088773,3.259,0.067140006,0.0077,0.22894,0.32026002,,,,1.106,0.136,0.364
CLX,Consumer Defensive,12795741184,16.46782,14.389575,-579.55804,2.343,4.43646,0.114630006,0.11682,0.08328,2230.435,0.759,0.389,0.568,-0.189,-0.187
CME,Financial Services,97675657216,26.247093,26.12054,3.4576647,15.485,0.13346,0.01601,0.58946997,0.63386,13.372,1.021,0.021,0.293,-0.03,-0.004
CMS,Utilities,21634091008,20.48703,19.857542,2.503786,4.839,0.11233,0.03254,0.12622,0.26174998,191.634,0.899,0.425,0.471,0.16,0.092
KO,Consumer Defensive,301256704000,23.178808,23.569023,9.637891,7.039,0.42442,0.08959,0.2734,0.32373002,144.771,1.211,0.877,0.393,0.051,0.301
CTSH,Technology,39423320064,18.685184,16.176353,2.6171255,1.811,0.14501001,0.101560004,0.10203,0.15993,7.854,2.358,1.965,0.967,0.074,-0.521
COIN,Financial Services,72731025408,23.31288,75.55463,4.5238495,9.598,0.26005,0.00873,0.43664002,0.25254,48.559,2.404,1.105,3.691,0.589,4.306
CL,Consumer Defensive,63097798656,21.868347,20.22539,73.51224,3.496,2.93635,0.15337,0.1447,0.2023,680.048,0.93,0.505,0.295,0.019,0.011
CMCSA,Communication Services,100834156544,4.536545,6.2351594,1.0280443,1.539,0.24186,0.051069997,0.18333,0.17735,101.462,0.882,0.689,0.829,-0.027,-0.042
CAG,Consumer Defensive,8155895296,9.632768,6.3382897,0.9147486,1.374,0.096540004,0.046669997,0.07424,0.11688,92.867,1.058,0.401,-0.016,-0.058,-0.649
COP,Energy,117013413888,13.233051,11.667498,1.7832468,2.17,0.15421,0.080979995,0.14445,0.19543,36.169,1.323,0.999,0.328,0.14,-0.216
ED,Utilities,34866380800,16.888113,17.188612,1.4429325,3.698,0.08839,0.03264,0.122700006,0.25342,110.373,1.075,0.694,0.362,0.107,0.124
STZ,Consumer Defensive,24781875200,20.693314,9.38497,3.322055,3.707,0.15912,0.0896,0.12705,0.36413,135.429,1.083,0.383,0.459,-0.15,
CEG,Utilities,112409772032,41.16934,40.203354,7.8301744,4.742,0.19839,0.0388,0.11026,0.16332,61.51,1.563,1.144,1.138,0.003,-0.223
COO,Healthcare,16240318464,39.901962,19.950981,1.9354686,4.551,0.045939997,0.03474,0.09161,0.13539,33.785,1.893,0.844,1.049,0.046,-0.282
CPRT,Industrials,37481644032,23.754602,22.252874,3.904013,6.951,0.18124,0.1142,0.34243,0.37289003,1.039,7.939,7.685,1.119,0.007,0.108
GLW,Technology,73707274240,55.10898,37.216454,6.021573,5.479,0.12739,0.044239998,0.09159,0.14561,76.51,1.556,0.745,1.109,0.209,
CPAY,Technology,21935652864,21.103262,14.005411,5.338466,6.499,0.29097,0.06309,0.24365999,0.44617,201.153,1.134,0.722,0.847,0.139,0.003
CTVA,Basic Materials,44820602880,26.720648,20.560747,1.771099,2.669,0.06705,0.03805,0.09187999,-0.10313,17.175,1.578,0.998,0.738,0.126,
CSGP,Real Estate,28824188928,1133.5,60.723217,3.3430004,9.17,0.00252,-0.00398,0.00664,-0.061300002,13.126,3.121,2.839,0.839,0.204,
COST,Consumer Defensive,396770082816,49.02356,45.46138,13.597374,1.421,0.30686,0.08833,0.02943,0.03878,34.066,1.034,0.498,0.982,0.081,0.11
CTRA,Energy,20902404096,12.680554,11.755365,1.421823,3.733,0.118549995,0.06279,0.24691999,0.28043,27.957,1.025,0.887,0.309,0.349,0.235
CRWD,Technology,128496566272,,119.91335,32.13443,27.412,-0.088149995,-0.02001,-0.06882,-0.05589,20.154,1.811,1.615,1.094,0.222,
CCI,Real Estate,38879563776,,33.31343,-26.013987,10.654,-2.06679,0.03974,-0.71931,0.49254,,0.259,0.095,0.959,-0.043,0.066
CSX,Industrials,67673251840,23.571428,17.881773,5.3000436,6.145,0.22589001,0.07007,0.20548001,0.35071,155.283,0.847,0.67,1.299,-0.009,-0.196
CMI,Industrials,70488211456,26.45855,22.6754,5.8428774,2.281,0.22767,0.079050004,0.079450004,0.12132,62.949,1.769,0.931,1.104,-0.016,-0.341
CVS,Healthcare,96007176192,199.0263,11.671296,1.3170451,0.426,0.0057800002,0.02498,0.0011999999,0.022650002,111.821,0.832,0.594,0.48,0.078,
DHR,Healthcare,162006663168,46.553497,26.998806,3.128976,7.271,0.06843,0.040570002,0.14435,0.2075,35.544,1.519,0.835,0.923,0.044,0.134
DRI,Consumer Cyclical,20721246208,19.048231,16.829544,9.294979,2.306,0.50411,0.07475,0.08898,0.09879,361.727,0.397,0.13,0.656,0.104,0.261
DDOG,Technology,53095059456,504.69998,74.58621,15.432678,15.641,0.03519,-0.00503,0.033239998,-0.00656,37.199,3.663,3.551,1.234,0.284,-0.337
DVA,Healthcare,8393384960,12.127066,10.416148,-14.569939,1.67,0.61618,0.07007,0.05796,0.14832,953.093,1.363,1.234,0.994,0.048,-0.184
DAY,Technology,11053615104,,31.253393,4.101057,6.155,-0.05706,-0.00205,-0.07912,-0.25831,45.53,1.043,0.18,1.2,0.095,
DECK,Consumer Cyclical,14789832704,14.814264,15.6761,5.9063983,2.568,0.43312,0.21533,0.19364001,0.2282,14.22,3.067,2.024,1.186,0.091,0.144
DE,Industrials,128436199424,25.709415,21.430311,4.9488564,4.068,0.20427999,0.03816,0.110039994,0.12627,245.842,2.222,2.006,1.007,0.131,-0.137
DELL,Technology,93399351296,18.15817,14.77766,-35.79232,1.106,,0.05835,0.05005,0.07847,,0.853,0.549,1.109,0.108,0.443
DAL,Industrials,43813797888,9.464033,9.558404,2.312358,0.982,0.28514,0.04749,0.07357,0.0992,117.299,0.398,0.262,1.376,0.064,0.102
DVN,Energy,23785957376,8.837265,8.401345,1.5354041,1.867,0.18586999,0.08022001,0.16424999,0.24194999,56.274,0.957,0.758,0.673,0.071,-0.162
DXCM,Healthcare,25682247680,36.38333,32.26108,9.369099,5.491,0.30635,0.07017,0.15958999,0.20053,94.479,1.565,1.346,1.515,0.216,1.099
FANG,Energy,45912498176,11.137641,10.833334,1.1640025,4.656,0.10901,0.051009998,0.28689,0.36628,35.66,0.623,0.431,0.612,0.42,0.1
DLR,Real Estate,57606828032,42.787014,136.14049,2.5348146,12.971,0.05825,0.010650001,0.23959999,0.13333,79.248,1.304,1.275,1.123,0.111,0.603
DG,Consumer Defensive,29135433728,22.901382,21.281351,3.5592902,1.054,0.16450001,0.04191,0.03033,0.03999,201.663,1.171,0.183,0.276,0.046,0.438
DLTR,Consumer Defensive,24973821952,23.189394,20.20462,7.092215,1.657,0.20066999,0.05111,-0.15397,0.06725,221.055,0.959,0.153,0.752,0.094,0.106
D,Utilities,49945391104,19.11438,17.304733,1.8707821,6.511,0.09204,0.029790001,0.16790001,0.34504002,154.315,0.845,0.361,0.68,0.149,0.062
DPZ,Consumer Cyclical,14141422592,24.33119,23.613945,-3.690202,4.159,,0.33951,0.12159,0.18064,,1.609,0.773,1.145,0.031,0.301
DASH,Consumer Cyclical,96974667776,113.63636,126.404495,10.211028,7.598,0.100430004,0.0312,0.0683,0.08009,34.255,2.045,1.032,1.716,0.273,0.459
DOV,Industrials,26208608256,24.88151,20.30712,3.4202,3.499,0.15883,0.069,0.28370002,0.1869,40.076,2.042,1.362,1.309,0.048,-0.126
DOW,Basic Materials,16319217664,,7.3826365,0.9303456,0.79,-0.05287,0.00723,-0.02769,0.01905,102.943,1.944,1.009,0.784,-0.083,-0.733
DHI,Consumer Cyclical,47288352768,13.721453,9.957313,1.9309051,1.459,0.14321,0.08158,0.10468,0.124680005,24.514,6.421,0.642,1.38,-0.032,-0.222
DTE,Utilities,27254239232,19.674662,18.201109,2.2416766,3.543,0.11658,0.02826,0.093439996,0.18968001,207.975,1.152,0.495,0.467,0.214,-0.124
DUK,Utilities,90613088256,18.349606,18.378548,1.795488,5.817,0.09905,0.02854,0.15972,0.27125,170.344,0.629,0.243,0.477,0.048,0.127
DD,Basic Materials,16972689408,23.416183,9.22779,0.7411676,1.925,0.03217,0.03462,-0.060110003,0.17773001,39.673,2.002,0.838,1.137,0.073,
EMN,Basic Materials,7065638400,10.27212,7.072414,1.2156715,1.309,0.12116,0.049099997,0.07746,0.09673,89.235,1.756,0.818,1.247,-0.106,-0.739
ETN,Industrials,131451035648,33.7998,28.021576,6.960053,5.328,0.20653,0.080290005,0.14741,0.19791001,59.661,1.28,0.708,1.168,0.101,0.024
EBAY,Consumer Cyclical,37688791040,18.28603,15.798851,7.9343853,3.83,0.42430001,0.0785,0.20366,0.21418,151.155,0.925,0.841,1.341,0.095,0.054
ECL,Basic Materials,73654550528,37.311783,34.62533,11.070424,5.028,0.21869,0.07754,0.12489,0.14715,103.915,1.697,1.259,0.982,0.178,
EIX,Utilities,22355007488,7.613368,10.191229,1.4411532,3.607,0.15765001,0.03238,0.16315001,0.32557,204.02,0.82,0.404,0.831,0.106,0.636
EW,Healthcare,50602151936,37.80263,35.179592,4.9044046,7.977,0.13492,0.07715,0.23249,0.27371,6.862,4.004,2.982,0.967,0.147,-0.903
EA,Communication Services,51001643008,59.107246,23.906214,8.4744215,7.107,0.13201,0.06273,0.121429995,0.10875,36.65,0.838,0.721,0.757,-0.092,-0.514
ELV,Healthcare,74477723648,13.477995,9.463519,1.6708428,0.357,0.12569,0.04242,0.028399998,0.034649998,72.823,1.56,1.433,0.525,0.123,0.22
EMR,Industrials,77323091968,34.09181,21.738924,3.8123648,4.963,0.09363,0.052389998,0.12728,0.20721,67.785,0.876,0.603,1.254,0.051,-0.353
ENPH,Technology,4089366016,21.40411,8.538251,4.109679,2.542,0.20305,0.03931,0.12932,0.16433,123.979,2.042,1.518,1.422,0.078,0.517
ETR,Utilities,42078359552,23.206898,12.173127,2.5254638,5.603,0.11188,0.03134,0.1421,0.30055,179.362,0.713,0.423,0.616,0.125,0.02
EOG,Energy,61244080128,11.139027,10.1419525,2.0140772,2.89,0.18476999,0.09086,0.24410999,0.33223,26.835,1.624,1.29,0.504,-0.024,-0.085
EPAM,Technology,11339891712,31.036587,18.194818,3.0168328,1.919,0.10207,0.07743,0.070149995,0.10682,4.165,3.022,2.852,1.753,0.194,-0.194
EQT,Energy,37868384256,19.765472,24.079365,1.6356677,6.42,0.08488,0.040939998,0.23097,0.34897,30.675,0.578,0.474,0.621,0.514,
EFX,Industrials,26057476096,39.982986,22.477152,5.2508626,5.157,0.13066,0.05905,0.1108,0.19950001,94.824,0.738,0.607,1.586,0.072,0.142
EQIX,Real Estate,72812838912,68.03487,55.424515,5.143289,10.108,0.077,0.03196,0.118,0.21851999,147.969,1.34,1.069,1.037,0.066,0.229
EQR,Real Estate,24030889984,20.151815,36.130177,2.0994363,10.483,0.10444,0.02558,0.37583,0.28955,76.237,0.165,0.085,0.759,0.046,1.009
ERIE,Financial Services,15501853696,23.927359,22.12388,6.7140756,3.702,0.30444,0.15170999,0.16038,0.20115,2.353,1.669,1.551,0.386,0.067,0.144
ESS,Real Estate,17638014976,19.419771,42.420265,2.920617,12.153,0.15987,0.030580001,0.44167,0.33777002,115.144,0.457,0.125,0.728,0.062,0.389
EL,Consumer Defensive,37884674048,,38.937035,9.738768,3.121,-0.20727,0.03847,-0.064380005,0.072680004,242.211,1.321,0.807,1.175,0.036,
EG,Financial Services,13011938304,23.046097,4.6633067,0.8467483,0.632,0.03595,0.00746,0.031229999,0.07728,23.337,0.408,0.287,0.38,-0.009,-0.484
EVRG,Utilities,16870091776,20.076712,18.138615,1.6395203,5.376,0.08454,0.02866,0.1445,0.36201,142.45,0.516,0.105,0.634,-0.001,0.005
ES,Utilities,25040123904,18.436464,13.962342,1.5618638,4.166,0.0861,0.03173,0.102189995,0.22489001,184.357,0.715,0.306,0.767,0.051,
EXC,Utilities,44247543808,15.70251,16.657795,1.5743703,3.81,0.10308,0.02853,0.116009995,0.22177,177.601,0.939,0.608,0.55,0.09,0.229
EXE,Energy,29261529088,39.504826,28.976418,1.6120821,3.128,0.061189998,0.050669998,0.08043,0.29054,27.95,0.81,0.593,0.437,3.193,
EXPE,Consumer Cyclical,32590395392,25.378613,18.344707,24.241282,2.356,0.53886,0.05079,0.096590005,0.25566998,250.289,0.744,0.619,1.442,0.087,0.454
EXPD,Industrials,20557285376,24.709625,28.154274,8.901622,1.762,0.36505002,0.13853,0.07571,0.0995,24.549,1.794,1.58,1.143,-0.035,0.006
EXR,Real Estate,28710684672,28.98434,27.1046,2.0193582,12.251,0.06786,0.033469997,0.27735,0.46325,94.252,1.46,0.192,1.269,0.034,-0.142
XOM,Energy,496838836224,16.938953,14.808132,1.8861878,1.616,0.11424,0.05108,0.091809995,0.11057,15.672,1.137,0.759,0.379,-0.051,-0.083
FFIV,Technology,14413195264,21.009314,16.111689,3.9845831,4.317,0.20602,0.08291,0.22421,0.27135,7.288,1.562,1.4,0.993,0.085,0.164
FDS,Financial Services,10987783168,18.690033,15.5583515,5.0041327,5.207,0.29132,0.111899994,0.25715,0.29707,71.282,1.4,1.2,0.744,0.062,0.728
FICO,Technology,43171295232,67.56311,48.386604,-24.482122,22.904,,0.32619,0.32747,0.48099998,,0.83,0.781,1.289,0.136,0.179
FAST,Industrials,47643480064,38.785046,18.949772,12.23467,5.986,0.32742,0.205,0.15336001,0.20696,13.283,4.259,1.964,0.884,0.117,0.115
FRT,Real Estate,8436886016,24.67005,31.661238,2.7449098,10.73,0.10516,0.03276,0.27586,0.34465,138.76,0.369,0.352,1.017,0.06,-0.011
FDX,Industrials,64720224256,16.077961,12.056704,2.3309312,,0.15004,0.048839998,0.046529997,0.0764,,1.246,1.144,1.332,0.139,-0.133
FIS,Technology,34821758976,208.31252,11.674256,2.4963489,4.493,0.011829999,0.04289,0.0146200005,0.2385,94.272,0.532,0.394,0.928,0.057,0.22
FITB,Financial Services,30024652800,13.558208,12.443835,1.5525551,5.758,0.115109995,0.01129,0.29674,0.39780998,,,,1.007,0.067,0.167
FSLR,Technology,27643650048,19.755367,12.349472,3.066311,5.246,0.16864,0.0756,0.27728,0.29225,9.893,1.91,1.382,1.589,0.797,0.457
FE,Utilities,25942960128,19.526087,15.539792,2.027082,3.738,0.11192001,0.03247,0.09312,0.21263,193.669,0.747,0.58,0.648,0.112,0.045
FI,Technology,34314950656,9.860897,7.6310306,1.3638307,3.005,0.1354,0.04773,0.17046,0.25385,120.581,1.08,0.237,0.794,0.009,0.49
F,Consumer Cyclical,51918016512,11.136752,7.445714,1.0955104,0.969,0.10295,0.00833,0.024820002,0.03146,346.673,1.121,0.94,1.611,0.094,1.727
FTNT,Technology,66603843584,35.769547,36.066387,87.79797,9.551,2.28043,0.13884,0.28584,0.31648,148.116,1.027,0.897,1.101,0.144,-0.114
FTV,Technology,18185578496,21.161417,12.889688,2.624768,3.203,0.103649996,0.04829,0.09621,0.15539,52.244,0.701,0.492,1.043,0.023,-0.742
FOXA,Communication Services,30365683712,15.370788,18.337801,2.4918942,2.042,0.17272,0.087299995,0.12353,0.26323998,60.136,3.238,2.917,0.512,0.049,-0.258
FOX,Communication Services,28673871872,13.683146,25.910639,2.2182958,1.839,0.17272,0.087299995,0.12353,0.26323998,60.136,3.238,2.917,0.512,0.049,-0.258
BEN,Financial Services,12190711808,25.714285,9.0,1.0093168,1.662,0.03818,0.022550002,0.05985,0.17558001,23.699,4.097,1.091,1.494,0.06,
FCX,Basic Materials,64904065024,31.608393,20.925926,3.4713156,3.138,0.14538999,0.07699,0.07969,0.28055,30.589,2.455,1.046,1.484,0.027,0.278
GRMN,Technology,39189843968,25.134565,27.290884,4.6198006,5.303,0.19655001,0.11185,0.22625999,0.25795,2.342,3.316,2.004,1.014,0.117,0.005
IT,Technology,17401812992,20.084791,17.420015,30.102188,2.783,1.0925701,0.096920006,0.1371,0.15773,512.089,0.878,0.747,1.081,0.027,-0.912
GE,Industrials,301101154304,38.01071,54.187027,15.921274,7.02,0.42131,0.049289998,0.18344,0.20598,115.246,1.077,0.717,1.405,0.238,0.193
GEHC,Healthcare,39017791488,17.693583,18.299786,3.8955238,2.267,0.24450001,0.05455,0.10945,0.14213,105.127,1.181,0.853,1.244,0.058,-0.041
GEV,Industrials,171860410368,103.15687,91.49565,19.811712,4.404,0.16723,0.024260001,0.045229997,0.05738,11.101,1.029,0.65,,0.118,
GEN,Technology,16706839552,29.76923,11.057142,6.803114,5.541,0.25027,0.06864,0.12743,0.36475,356.98,0.505,0.391,1.112,0.253,-0.192
GNRC,Industrials,9526183936,30.97901,19.772228,3.6033297,2.463,0.11969,0.057550002,0.06921,0.0925,56.133,2.183,0.855,1.819,-0.05,-0.407
GD,Industrials,91114323968,21.874838,20.97699,3.723397,1.909,0.17782,0.05796,0.081829995,0.10459,40.419,1.4,0.783,0.405,0.106,0.158
GIS,Consumer Defensive,24558120960,8.68242,9.772341,2.583385,1.982,0.30866,0.06216,0.15241,0.15602,151.352,0.658,0.346,-0.076,-0.068,1.155
GM,Consumer Cyclical,72405524480,14.51336,7.194892,1.0690188,0.986,0.04442,0.02014,0.01625,0.056739997,195.437,1.229,0.979,1.305,-0.003,-0.496
GPC,Consumer Cyclical,18117750784,22.416525,15.376623,3.7850564,1.002,0.16994,0.04434,0.0336,0.0643,133.159,1.137,0.443,0.745,0.049,0.0
GILD,Healthcare,150410608640,18.764706,16.31494,6.9895635,5.733,0.40706003,0.12571,0.27882,0.45231,116.243,1.453,1.105,0.331,0.03,1.43
GPN,Industrials,19129569280,11.965098,6.1601562,0.8230517,3.29,0.07233,0.0325,0.17365,0.3184,69.198,0.855,0.413,0.824,0.005,1.131
GL,Financial Services,10641434624,9.533381,9.695203,1.8544608,2.228,0.22277,0.033069998,0.19363001,0.34092999,55.217,0.695,0.552,0.479,0.04,0.375
GDDY,Technology,17785161728,22.110157,19.144562,189.46904,4.158,3.69454,0.08575,0.17013,0.23884001,4217.211,0.569,0.359,0.947,0.103,0.144
GS,Financial Services,258693332992,17.362047,20.562078,2.455498,0.078,0.13532,0.009430001,0.29073998,0.37203997,586.142,1.657,1.49,1.348,0.207,0.458
HAL,Energy,24256530432,18.84106,8.753846,2.350657,1.379,0.12788,0.0761,0.05913,0.12857,83.613,1.955,1.207,0.819,-0.017,-0.969
HIG,Financial Services,36392042496,10.591652,11.148148,1.9978387,1.304,0.20069,0.03482,0.12745,0.18916,23.675,1.796,1.056,0.629,0.07,0.473
HAS,Consumer Cyclical,11381331968,,18.306997,28.004145,3.244,-0.62839,0.08862001,-0.12814,0.24584,771.392,1.705,1.235,0.541,0.083,0.031
HCA,Healthcare,113884643328,18.83514,19.824848,-20.968506,2.145,,0.12198,0.0853,0.15474,,0.854,0.644,1.367,0.096,0.426
DOC,Real Estate,11828045824,,68.08,1.5568972,7.797,-0.00115,0.01588,-0.01359,0.18601999,114.248,3.653,1.474,1.095,0.008,
HSIC,Healthcare,8927779840,23.223974,14.157693,2.5971003,1.044,0.08347999,0.042329997,0.03022,0.0614,70.224,1.396,0.597,0.888,0.052,0.077
HSY,Consumer Defensive,36967727104,27.249626,21.702383,8.098623,3.616,0.31013,0.09329,0.118360005,0.13542,125.764,1.363,0.66,0.177,0.065,-0.382
HPE,Technology,30782771200,27.447058,11.109525,1.2464604,1.383,0.0023,0.017180001,0.00166,0.06995,90.349,1.014,0.604,1.349,0.144,-0.889
HLT,Consumer Cyclical,64031502336,39.51379,34.073845,-12.864433,15.321,,0.09635,0.34188998,0.60327,,0.664,0.577,1.156,0.035,0.29
HOLX,Healthcare,16711205888,30.108435,15.883475,3.30541,4.178,0.11116,0.07299,0.13796,0.32736,52.037,3.754,2.872,0.704,0.062,0.111
HD,Consumer Cyclical,353018314752,24.20546,22.73141,29.121292,2.511,1.62909,0.13226,0.087740004,0.12945,544.586,1.051,0.246,1.051,0.028,-0.014
HON,Industrials,128931487744,20.2038,17.377838,7.2383003,3.622,0.34616002,0.066589996,0.1507,0.18505,215.247,1.358,0.985,0.949,0.07,0.324
HRL,Consumer Defensive,13386962944,27.97701,14.402367,1.694632,1.299,0.06002,0.04476,0.0395,0.07222,38.22,2.466,1.148,0.325,0.015,
HST,Real Estate,12022909952,16.28302,17.793814,1.7819533,2.878,0.109239995,0.039189998,0.12403,0.073520005,82.827,1.021,0.97,1.199,0.009,0.966
HWM,Industrials,76869451776,53.797184,60.246056,15.127129,9.972,0.30064,0.112840004,0.18181999,0.25658,65.176,2.353,0.962,1.322,0.138,0.173
HPQ,Technology,24336560128,9.777358,7.197222,-70.216805,0.548,,0.05546,0.045739997,0.0735,,0.767,0.321,1.231,0.042,-0.104
HUBB,Industrials,23411857408,27.550344,24.860611,6.3596992,4.378,0.24991,0.09993,0.15123,0.22591,58.21,1.358,0.774,1.004,0.041,0.141
HUM,Healthcare,31012411392,24.098131,15.311758,1.6743507,0.173,0.07159,0.045760002,0.01022,0.02043,69.686,2.024,1.533,0.466,0.111,-0.593
HBAN,Financial Services,26614173696,11.818182,12.611939,1.2637403,4.244,0.10434,0.01091,0.29619,0.38561,,,,0.976,0.148,0.242
HII,Industrials,11952154624,21.005516,19.424744,2.3980787,1.213,0.12387,0.039330002,0.04737,0.06172,58.708,1.139,1.03,0.371,0.161,0.439
IBM,Technology,287842369536,36.747017,29.023563,10.315211,5.193,0.30156,0.0635,0.120900005,0.1717,237.831,0.932,0.775,0.689,0.091,
IEX,Industrials,13366504448,28.09177,20.838026,3.3194351,4.274,0.12197,0.063990004,0.13974,0.21418,48.121,2.934,1.94,0.999,0.101,0.083
IDXX,Healthcare,57131352064,56.49525,59.707355,36.592365,13.9,0.64633006,0.24065,0.24654,0.32106,71.29,1.18,0.737,1.668,0.133,0.214
ITW,Industrials,72787550208,24.219204,23.336449,22.580938,5.066,0.91683,0.16416,0.19052,0.27667,278.654,1.53,1.011,1.151,0.023,-0.281
INCY,Healthcare,20127002624,17.405773,16.69707,4.3230023,3.582,0.30389,0.13537,0.24695,0.31633,0.887,3.195,2.858,0.815,0.2,2.907
IR,Industrials,31740557312,59.155556,22.559322,3.117096,4.73,0.05382,0.05091,0.07309,0.20476,47.62,2.162,1.362,1.326,0.051,0.13
PODD,Healthcare,21433823232,88.514534,78.67959,15.475197,8.62,0.19679001,0.08741,0.097629994,0.16664,77.711,2.871,1.883,1.375,0.299,0.148
INTC,Technology,197525700608,690.1667,42.69072,1.8552867,4.182,0.0018600001,-0.00463,0.0037099998,0.06284,39.881,1.602,1.057,1.344,0.028,
ICE,Financial Services,90339819520,28.746815,23.415432,3.1405094,11.15,0.114930004,0.02189,0.32431,0.49067003,67.954,1.012,0.027,1.052,0.026,0.246
IFF,Basic Materials,17217366016,,14.572668,1.2090563,2.105,-0.03232,0.01752,-0.042630002,0.091309994,46.872,1.444,0.67,1.042,-0.079,-0.31
IP,Consumer Cyclical,20625176576,,13.02,1.1907085,1.244,-0.042779997,0.008590001,-0.05256,-0.03375,61.477,1.313,0.657,1.056,0.564,
IPG,Communication Services,8999164928,16.828766,7.761317,2.4411328,1.327,0.14948,0.05382,0.06245,0.16834,111.662,1.076,0.978,1.011,-0.048,5.8
INTU,Technology,187538587648,46.297596,30.302746,9.7097025,,0.21987,0.09776,0.21191,0.15697,,1.386,0.573,1.267,0.41,-0.185
ISRG,Healthcare,206245888000,76.305046,73.19848,12.060878,20.72,0.16902,0.09561,0.28577998,0.30326,,4.728,3.49,1.686,0.229,0.25
IVZ,Financial Services,11702089728,17.85034,13.883598,1.0622191,2.569,0.06904,0.024430001,0.16691,0.16514,10.983,0.617,0.617,1.64,0.082,4.5
INVH,Real Estate,16637378560,28.56842,36.675674,1.7284422,9.214,0.06,0.02407,0.21805,0.27131,85.691,1.544,0.581,0.834,0.065,0.467
IQV,Healthcare,38462255104,31.066025,18.711683,6.2439523,3.261,0.19374001,0.05071,0.08067001,0.13976,242.366,0.703,0.621,1.369,0.052,0.245
IRM,Real Estate,24921149440,156.12962,43.015305,-28.244556,6.597,,0.04231,0.02398,0.20792,,0.659,0.549,1.148,0.126,
JBHT,Industrials,18237952000,32.65338,26.240948,5.0226593,1.642,0.15126,0.062800005,0.04753,0.07948,53.131,0.867,0.664,1.276,-0.005,0.181
JBL,Technology,23616583680,37.172295,21.984015,15.632592,0.848,0.40381,0.050359998,0.022049999,0.05841,246.012,1.0,0.515,1.263,0.185,0.692
JKHY,Technology,13203993600,27.615503,28.751583,6.0652895,5.45,0.2345,0.12581,0.19865,0.28549,3.17,1.494,0.874,0.733,0.073,0.209
J,Industrials,16848300032,54.34884,21.085714,4.58625,1.592,0.06523,0.05646,0.02405,0.105170004,58.069,1.301,1.261,0.79,,-0.634
JNJ,Healthcare,486508953600,19.491312,19.05,6.1289344,5.575,0.33619,0.08264,0.27259,0.30200002,57.766,1.074,0.711,0.349,0.068,0.91
JCI,Industrials,74750451712,43.43346,27.26253,5.40018,3.418,0.11374,0.04607,0.13947,0.15306,86.383,0.929,0.659,1.417,0.031,1.813
JPM,Financial Services,866282504192,15.603765,18.819595,2.5211873,3.676,0.16437,0.01323,0.347,0.43708,,,,1.075,0.088,0.16
K,Consumer Defensive,28927119360,22.715847,69.28333,6.88245,2.763,0.32112,0.076409996,0.10079,0.15031,145.099,0.678,0.382,0.25,0.008,-0.162
KVUE,Consumer Defensive,32489854976,22.573334,13.877049,3.049901,2.693,0.13469,0.06858,0.0955,0.19288,85.659,0.98,0.577,0.558,-0.035,0.038
KDP,Consumer Defensive,38977753088,24.73276,13.995123,1.5391631,3.53,0.06291,0.041490003,0.09781,0.23107,73.567,0.625,0.298,0.359,0.107,0.083
KEY,Financial Services,21118896128,23.777779,12.346154,1.2177542,5.614,0.058179997,0.0057,0.18115999,0.33839,,,,1.101,2.026,
KEYS,Technology,36174024704,42.01397,30.199429,6.1317296,6.873,0.15826,0.05325,0.1574,0.15292,47.269,2.35,1.52,1.196,0.103,
KMB,Consumer Defensive,34168143872,17.42132,13.494102,25.650225,2.08,1.3688201,0.11332,0.09983,0.16699,500.068,0.773,0.366,0.26,0.001,-0.502
KIM,Real Estate,13631937536,24.253012,28.757143,1.2999676,10.375,0.056700002,0.02202,0.28243,0.34331,78.195,1.587,1.583,1.064,0.056,0.002
KMI,Energy,61781594112,22.762295,22.039682,2.0098429,5.831,0.08884,0.03926,0.16612,0.25639,102.138,0.631,0.395,0.667,0.121,0.003
KKR,Financial Services,119832821760,54.378147,21.32125,4.238415,7.8,0.07672,0.01387,0.10564,0.30958,74.351,1.703,1.654,1.997,0.132,0.406
KLAC,Technology,159925583872,38.16656,37.003654,32.039574,12.853,0.99167997,0.20436001,0.33828998,0.41661,122.127,2.692,1.749,1.437,0.13,0.208
KHC,Consumer Defensive,28810176512,,7.928339,0.69526964,1.868,-0.09693,0.03711,-0.1735,0.17637,50.968,1.127,0.608,0.073,-0.023,
KR,Consumer Defensive,41556549632,15.916244,13.69214,5.082671,0.463,0.07997,0.02062,0.0053600003,-0.04557,357.991,0.878,0.347,0.577,0.007,
LHX,Industrials,52105900032,29.946236,19.353718,2.668749,2.925,0.091309994,0.04279,0.08091,0.12882,60.629,1.144,0.878,0.656,0.069,0.171
LH,Healthcare,21472210944,25.382122,16.129213,2.4659772,1.992,0.10135999,0.046269998,0.062129997,0.11314999,75.557,1.551,1.089,0.961,0.086,0.56
LRCX,Technology,200125825024,35.11062,37.166275,19.604692,10.062,0.62261003,0.19507,0.29657,0.34354,43.991,2.207,1.539,1.781,0.277,0.443
LW,Consumer Defensive,8319476736,28.701925,11.987952,4.6477227,1.891,0.16219,0.070539996,0.04555,0.11378,223.019,1.489,0.693,0.43,0.003,-0.477
LVS,Consumer Cyclical,45477552128,29.842342,24.09091,28.59301,4.693,0.65651,0.08146,0.12687999,0.23627001,847.509,0.889,0.835,0.967,0.242,0.619
LDOS,Technology,23968509952,17.459814,17.877514,4.865738,1.626,0.2929,0.09491,0.08106,0.11971,105.551,1.624,1.321,0.589,0.067,0.052
LEN,Consumer Cyclical,30602170368,12.256183,7.6772,1.4000498,0.862,0.10774,0.05899,0.07721,0.07971,24.892,12.742,4.683,1.401,-0.064,-0.462
LII,Industrials,17970634752,21.596876,21.901968,16.769257,3.602,0.92253995,0.19301,0.15741,0.21340999,128.035,1.68,0.724,1.16,-0.048,0.045
LLY,Healthcare,905699262464,49.500736,44.585613,38.03878,15.775,0.9647,0.17603001,0.30986,0.48294,178.516,1.546,0.724,0.369,0.539,4.804
LIN,Basic Materials,187362181120,26.744982,23.57345,4.8316183,6.252,0.17979999,0.06989,0.21170999,0.2794,64.673,0.823,0.622,0.858,0.031,0.27
LYV,Communication Services,32353714176,100.96377,57.57438,61.4872,1.484,0.5636,0.04586,0.03659,0.09149,473.811,0.921,0.762,1.222,0.111,-0.561
LKQ,Consumer Cyclical,7577284608,10.907408,8.13536,1.1516502,0.907,0.10882,0.049089998,0.049439996,0.08231,83.675,1.596,0.471,0.896,0.013,-0.038
LMT,Industrials,105572900864,25.1922,16.086802,16.826674,1.682,0.62776,0.06391,0.05726,0.11693,358.987,1.129,0.926,0.241,0.088,0.022
L,Financial Services,21327583232,14.901449,35.45517,1.1632669,1.379,0.08182,0.01704,0.07949,0.16677,49.123,0.493,0.493,0.616,0.046,0.334
LOW,Consumer Cyclical,139379621888,20.568708,19.673,-13.4264555,2.178,,0.13182001,0.08045,0.1192,,1.04,0.094,0.956,0.032,-0.037
LULU,Consumer Cyclical,22772793344,12.969966,12.726724,5.151417,2.122,0.42422,0.21861,0.16377,0.20743,40.178,2.266,0.832,1.012,0.065,-0.016
LYB,Basic Materials,13953191936,,5.0348434,1.3163089,0.678,-0.10584,0.021960001,-0.03198,0.06044,124.319,1.57,0.705,0.744,-0.102,
MTB,Financial Services,30489702400,12.051266,11.984643,1.1447766,3.172,0.09628,0.01311,0.3054,0.43886003,,,,0.604,0.08,0.199
MPC,Energy,57924993024,20.290733,18.679413,3.3543425,0.716,0.18887,0.03866,0.02158,0.049689997,143.175,1.315,0.702,0.716,-0.008,1.412
MKTX,Financial Services,6248717312,28.39389,20.32078,4.5072093,6.817,0.15823,0.113649994,0.26157,0.40982,4.81,7.35,6.181,0.993,0.01,-0.032
MAR,Consumer Cyclical,79425847296,30.863926,27.602829,-25.271204,13.78,,0.09641,0.37984002,0.65933996,,0.467,0.43,1.156,0.056,0.29
MMC,Financial Services,89387081728,21.77485,19.281017,5.879576,4.09,0.28734,0.078779995,0.15601,0.19240999,139.501,1.123,0.52,0.751,0.115,0.0
MLM,Basic Materials,37653970944,32.05185,29.960173,3.8678885,6.302,0.12523,0.060399998,0.16688,0.27898002,60.618,2.966,0.902,1.16,0.124,0.157
MAS,Industrials,13231781888,16.163683,14.298642,-168.08511,2.104,5.6387095,0.15332,0.10885999,0.15806,1888.69,1.878,1.104,1.272,-0.033,0.169
MA,Financial Services,493156564992,34.83525,33.30403,62.125046,15.83,1.8486099,0.23048,0.45275003,0.598,239.715,1.122,0.72,0.868,0.167,0.229
MTCH,Communication Services,8306276352,16.13084,13.919355,-36.840984,3.237,,0.13065,0.16202,0.30826,,1.41,1.293,1.35,0.021,0.233
MKC,Consumer Defensive,16988179456,21.979166,20.288462,2.9529762,3.135,0.1385,0.05155,0.11462,0.17091,75.356,0.713,0.245,0.621,0.027,0.011
MCD,Consumer Cyclical,222095114240,26.532824,24.681208,-102.47942,10.473,,0.12968999,0.3204,0.46905997,,1.0,0.821,0.521,0.03,0.016
MCK,Healthcare,100579704832,25.253592,21.9674,-57.659725,0.276,,0.04784,0.01042,0.013739999,,0.88,0.475,0.383,0.101,3.77
MDT,Healthcare,130005966848,27.468834,17.326496,2.6708124,4.342,0.09822,0.04685,0.13706,0.20299,59.563,2.415,1.481,0.723,0.066,0.081
MRK,Healthcare,249078956032,13.190476,10.608511,4.783881,4.215,0.39485002,0.13755,0.29632,0.40802,79.708,1.661,1.09,0.299,0.037,0.87
META,Communication Services,1697373618176,29.757843,26.617392,8.747986,8.994,0.32643002,0.18013,0.30892,0.40075,26.311,1.978,1.671,1.273,0.262,-0.826
MET,Financial Services,52310949888,14.8135605,8.117648,1.7956445,0.984,0.12798001,0.0043599997,0.053400002,0.0701,163.999,1.891,1.626,0.756,-0.059,-0.326
MTD,Healthcare,29144758272,35.336163,33.212677,-115.981636,7.884,,0.20481001,0.21202,0.28497,,1.075,0.634,1.4,0.079,0.061
MGM,Consumer Cyclical,9865376768,180.34999,15.682609,3.6693795,2.304,0.10293,0.02027,0.00403,0.051620003,913.283,1.235,1.08,1.481,0.016,
MCHP,Technology,35566804992,,25.311539,5.31197,9.672,-0.02854,0.0064499998,-0.04394,0.08347999,80.841,2.252,0.942,1.463,-0.02,-0.816
MU,Technology,266955472896,31.254282,18.432013,4.9139304,7.259,0.17198999,0.08055,0.22845,0.32638,28.343,2.518,1.709,1.548,0.46,2.569
MSFT,Technology,3591408713728,34.36415,32.318394,9.892711,12.285,0.32241002,0.14656,0.35707,0.48873,33.154,1.401,1.254,1.07,0.184,0.127
MAA,Real Estate,15804533760,27.955414,31.727709,2.6496155,9.432,0.09408,0.03294,0.25233,0.27229,87.122,0.04,0.021,0.77,0.006,-0.139
MRNA,Healthcare,10823321600,,-3.1839082,1.1608416,3.159,-0.29317,-0.15494001,-1.39606,-0.25591,7.867,3.925,3.509,1.113,-0.454,
MHK,Consumer Cyclical,6877381632,16.471727,9.927355,0.82198393,0.809,0.051999997,0.03196,0.03927,0.06664,28.031,2.246,1.034,1.237,0.014,-0.314
MOH,Healthcare,8230812160,9.356747,5.9066515,1.8479848,0.075,0.19708,0.052729998,0.020610001,0.01249,91.911,1.678,1.599,0.516,0.116,-0.734
TAP,Consumer Defensive,8924720128,,7.6104555,0.8638478,1.315,-0.17295,0.044060003,-0.18638,0.16489,61.017,0.604,0.377,0.444,-0.023,
MDLZ,Consumer Defensive,71044071424,20.56367,16.007288,2.7062795,2.43,0.13101,0.03727,0.0938,0.10837,83.621,0.611,0.307,0.397,0.059,-0.095
MPWR,Technology,46126682112,24.681826,56.04412,12.92747,16.872,0.64029,0.1225,0.7122,0.26477,0.528,4.771,3.412,1.472,0.189,0.258
MNST,Consumer Defensive,72045543424,41.897728,39.433155,9.30121,8.718,0.25538,0.16877002,0.21654,0.30738002,0.779,3.185,2.629,0.477,0.168,0.395
MCO,Financial Services,89051561984,40.008057,37.274776,22.384022,12.522,0.54914004,0.13188,0.29916,0.46886003,181.347,1.84,1.637,1.453,0.107,0.229
MS,Financial Services,281769213952,18.122177,22.258512,2.8025022,2.738,0.15135,0.01245,0.23606001,0.38872,420.553,2.266,1.85,1.215,0.191,0.489
MOS,Basic Materials,7494000128,6.1165805,9.597561,0.5863508,1.034,0.101169996,0.02856,0.10334,0.11958,37.134,1.141,0.328,0.948,0.228,2.395
MSI,Technology,62374830080,30.023256,25.486046,26.82069,6.313,1.1517,0.11384,0.18704,0.26554,423.891,1.027,0.79,0.997,0.078,0.012
MSCI,Financial Services,41642610688,34.131897,31.588028,-21.120659,14.955,,0.19145,0.40032002,0.56425,,0.882,0.77,1.317,0.095,0.19
NDAQ,Financial Services,51767808000,32.221428,28.732483,4.2978277,7.425,0.14054,0.048660003,0.19895001,0.31614,79.867,0.986,0.175,1.025,0.029,0.377
NTAP,Technology,23409246208,20.465967,15.470976,23.548191,3.457,1.25346,0.10062,0.17733999,0.24751,277.789,1.341,1.155,1.414,0.028,0.063
NFLX,Communication Services,424749268992,41.766663,4.2153068,16.365713,9.971,0.42861,0.14739999,0.24047,0.28219998,65.822,1.332,1.132,1.706,0.172,0.087
NEM,Basic Materials,98596847616,13.959565,23.436033,2.9527287,4.549,0.22875999,0.10552,0.33423,0.4685,16.914,2.039,1.379,0.431,0.2,1.081
NWSA,Communication Services,15215086592,31.373495,24.56604,1.6869656,1.877,0.070250005,0.03738,0.138,0.10448,31.439,1.763,1.524,0.973,0.023,-0.052
NWS,Communication Services,16510898176,35.650604,26.513624,1.9169474,2.111,0.070250005,0.03738,0.138,0.10448,31.439,1.763,1.524,0.973,0.023,-0.052
NEE,Utilities,173127335936,26.390474,22.589672,3.195341,10.43,0.08236,0.02447,0.24729,0.30768,144.161,0.553,0.357,0.733,0.053,0.311
NKE,Consumer Cyclical,97354342400,33.774357,20.390093,7.2230754,2.15,0.21122,0.05685,0.062340003,0.0791,82.128,2.19,1.241,1.291,0.011,-0.3
NI,Utilities,19875766272,22.105263,22.580645,2.197802,5.986,0.09073,0.03312,0.14155,0.22873,140.579,0.523,0.237,0.626,0.183,0.057
NDSN,Industrials,13501682688,30.01633,22.95197,4.5021667,5.566,0.15594,0.0769,0.16341999,0.26538,74.482,1.694,0.941,1.017,0.121,0.088
NSC,Industrials,66012303360,22.42302,21.663477,4.359856,6.722,0.2048,0.061139997,0.24219,0.36578,116.353,0.862,0.715,1.318,0.017,-0.349
NTRS,Financial Services,25397899264,15.525642,17.435865,2.0869825,4.245,0.13432,0.01059,0.21761,0.30332002,,,,1.28,0.042,0.032
NOC,Industrials,78603157504,19.761337,19.564148,4.9029183,2.294,0.26152,0.06529,0.09819999,0.13221,109.401,1.109,0.924,0.046,0.043,0.096
NCLH,Consumer Cyclical,8613472256,13.611511,9.052632,3.927756,2.455,0.39870998,0.04729,0.06846,0.25507998,699.717,0.195,0.078,2.117,0.047,-0.096
NRG,Utilities,31529220096,24.401197,23.623188,23.740168,1.453,0.64186996,0.06809,0.04839,0.05527,615.076,1.053,0.527,1.253,0.057,
NUE,Basic Materials,36491513856,22.363253,17.035257,1.756928,1.31,0.09014,0.045539998,0.05185,0.10421,31.248,2.774,1.417,1.862,0.145,1.505
NVDA,Technology,4441136693248,45.263027,44.274273,37.287407,23.42,1.07359,0.53528,0.53007,0.63168997,9.102,4.468,3.605,2.284,0.625,0.667
NVR,Consumer Cyclical,20828499968,16.58361,14.550874,5.4365964,1.941,0.348,0.18898001,0.13545,0.17104,27.023,6.389,2.826,1.005,-0.049,-0.139
NXPI,Technology,57469521920,28.17676,17.440704,5.721493,5.482,0.20872,0.07891,0.17111,0.28238,117.34,2.375,1.409,1.469,-0.024,-0.111
ORLY,Consumer Cyclical,83664134144,34.336803,2.2004895,-93.645836,5.249,,0.13656001,0.14225,0.20742,,0.757,0.092,0.616,0.078,0.126
OXY,Energy,41802477568,31.19853,13.427215,1.4942771,2.681,0.05955,0.03299,0.08169,0.17723,62.221,0.935,0.636,0.392,-0.077,-0.334
ODFL,Industrials,32607586304,31.280241,26.296608,7.6214566,5.826,0.25059,0.15888,0.18967,0.25655,1.994,1.204,1.064,1.274,-0.043,-0.105
OMC,Communication Services,23305392128,10.831859,8.5,3.0721607,1.166,0.27007,0.051170003,0.08307,0.15593,128.056,0.924,0.729,0.761,0.04,-0.103
ON,Technology,22387236864,74.986305,12.671296,2.806604,3.686,0.03891,0.056939997,0.051570002,0.18505,45.833,5.231,3.189,1.571,-0.12,-0.326
OKE,Energy,48075567104,14.033088,12.78727,2.1775343,2.555,0.17847,0.062750004,0.105790004,0.18160999,152.218,0.904,0.659,0.927,0.719,0.262
ORCL,Technology,620275499008,50.249424,30.38827,25.591625,12.19,0.69241995,0.07152,0.21079999,0.31381,452.534,0.618,0.498,1.659,0.122,-0.019
OTIS,Industrials,33929482240,25.501472,20.632458,-6.213613,2.898,,0.14044,0.09413,0.16992001,,0.936,0.764,1.007,0.04,-0.291
PCAR,Industrials,57945796608,21.633333,14.217783,2.9917567,2.196,0.14151,0.049569998,0.091120005,0.099209994,82.453,5.69,5.04,1.017,-0.19,-0.395
PKG,Consumer Cyclical,17858988032,20.048485,17.658363,3.7300558,2.436,0.19811001,0.08185001,0.10185,0.15683,91.618,3.158,1.932,0.902,0.06,-0.049
PLTR,Technology,433213374464,413.0909,386.7234,65.735985,109.623,0.19504,0.07651,0.28114,0.33296,3.52,6.427,6.306,1.495,0.628,2.0
PANW,Technology,136003125248,126.64967,27.616667,15.8792515,14.107,0.15324001,0.03179,0.11687,0.12005,4.951,0.985,0.848,0.786,0.157,-0.041
PSKY,Communication Services,14743828480,445.5,12.950831,1.222334,0.954,0.01279,0.03009,-0.00947,0.10012,111.017,1.336,0.968,1.179,-0.004,
PH,Industrials,111358779392,31.350197,29.891304,8.060158,6.037,0.27294,0.08911,0.18178,0.21086,74.953,1.066,0.555,1.246,0.037,0.178
PAYX,Technology,40329736192,25.125559,21.183365,10.156802,7.54,0.41266,0.108100004,0.27855,0.36727002,126.47,1.268,0.515,0.898,0.168,-0.102
PAYC,Technology,9322842112,20.586334,19.004587,5.2247934,4.401,0.28557,0.07124,0.22645001,0.22826,4.943,1.223,0.242,0.842,0.092,0.496
PYPL,Financial Services,59500965888,12.506023,12.7361965,2.9016025,1.816,0.24358,0.047,0.14963001,0.19198999,60.239,1.34,0.264,1.439,0.073,0.313
PNR,Industrials,17089833984,26.526716,21.494846,4.5102534,4.511,0.17966999,0.091120005,0.15844,0.23982,44.76,1.462,0.72,1.208,0.029,0.333
PEP,Consumer Defensive,198543589376,27.570341,16.804173,10.24008,2.605,0.37162,0.08365,0.078200005,0.16903,260.19,0.912,0.676,0.421,0.027,-0.108
PFE,Healthcare,147998982144,15.133721,8.883959,1.5948778,3.11,0.105979994,0.05189,0.15654999,0.35277,66.531,1.282,0.904,0.42,-0.059,-0.213
PCG,Utilities,33320323072,12.739495,10.243243,1.0960884,3.818,0.0876,0.02394,0.10492,0.21312,185.52,0.941,0.409,0.371,0.052,0.378
PM,Consumer Defensive,230086770688,21.08559,20.529167,-21.082584,6.954,,0.14938,0.21574,0.40747002,,0.848,0.369,0.436,0.094,0.131
PSX,Energy,56318754816,37.563343,14.684932,2.0860715,0.585,0.056199998,0.02456,0.011410001,0.04395,77.483,1.227,0.69,0.917,-0.029,-0.61
PNW,Utilities,10553102336,18.179382,18.839745,1.4722482,4.675,0.087749995,0.02342,0.11198,0.32109,197.565,0.675,0.352,0.532,0.029,0.006
PNC,Financial Services,77746511872,12.789916,13.181879,1.4583702,6.194,0.11486,0.01163,0.29937,0.39788,,,,1.013,0.108,0.246
POOL,Industrials,8938408960,21.834093,19.910225,6.47719,1.923,0.29307,0.10717,0.07784,0.122650005,100.725,2.57,0.795,1.229,0.013,0.04
PPG,Basic Materials,22802470912,18.073345,11.415818,2.9065855,1.837,0.1616,0.06034,0.06348,0.1416,99.56,1.465,1.004,1.158,0.012,-0.001
PPL,Utilities,25047570432,23.034014,18.502731,1.7373903,4.787,0.076620005,0.030079998,0.12162,0.26619,132.089,0.774,0.546,0.703,0.084,0.489
PFG,Financial Services,19496693760,12.832844,10.369668,1.654411,1.096,0.13767,0.00368,0.099580005,0.06856,34.137,1.557,0.375,0.894,0.222,
PG,Consumer Defensive,335742631936,20.911077,19.332884,6.38492,4.251,0.31902,0.10746,0.19739,0.2758,67.125,0.714,0.465,0.382,0.03,0.214
PGR,Financial Services,130702696448,12.239979,16.15145,3.684985,1.596,0.34223998,0.076009996,0.12579,0.15079,19.455,0.297,0.231,0.365,0.142,0.121
PLD,Real Estate,118876405760,37.203487,36.357956,2.2607315,17.389,0.05963,0.0247,0.35243,0.42720002,62.789,0.767,0.565,1.407,0.087,-0.243
PRU,Financial Services,39304986624,15.29863,7.602451,1.2176454,0.96,0.085,0.0026699998,0.04538,0.09917,148.723,0.841,0.732,0.966,-0.083,2.234
PEG,Utilities,39717683200,19.127405,19.550367,2.3343897,5.367,0.12579,0.03364,0.17768,0.2703,138.209,0.934,0.515,0.604,0.221,0.192
PTC,Technology,20786429952,28.58649,24.788572,5.4209757,7.999,0.2085,0.096920006,0.26795998,0.50643003,35.802,1.118,0.967,1.03,0.427,1.748
PSA,Real Estate,47736467456,28.251297,25.593603,9.620226,12.915,0.19933,0.07022,0.39453998,0.46947,106.758,0.269,0.205,0.986,0.031,0.213
PHM,Consumer Cyclical,25054818304,9.791056,9.406667,1.9323766,1.445,0.21569,0.122279994,0.14926,0.17336,16.939,6.449,0.601,1.314,-0.016,-0.116
PWR,Industrials,68688744448,68.04136,45.338585,8.181156,2.725,0.13369,0.047859997,0.03744,0.07105,71.612,1.344,1.211,1.142,0.175,0.149
QCOM,Technology,188619997184,34.82271,14.293541,8.85338,4.352,0.2334,0.14713,0.12512,0.26235,73.767,2.816,1.582,1.214,0.1,
DGX,Healthcare,20408895488,21.42136,18.699795,2.7912276,2.43,0.14353,0.0612,0.08931,0.14915,86.524,1.128,0.886,0.616,0.132,0.085
RL,Consumer Cyclical,22341230592,27.25,28.296467,8.660555,3.113,0.34005,0.09596,0.112840004,0.14074999,111.231,2.04,1.271,1.535,0.165,0.437
RJF,Financial Services,32525508608,15.853256,14.643626,2.60163,1.509,0.17666,0.024939999,0.15234,0.20146,48.456,2.118,2.1,1.008,0.07,0.035
RTX,Industrials,229406097408,35.061478,28.003273,3.5559158,3.094,0.10702,0.03787,0.07666,0.12399,61.315,1.073,0.665,0.435,0.119,0.294
O,Real Estate,53796089856,54.6542,36.779873,1.3775883,14.716,0.02488,0.02268,0.17135,0.44514,73.977,1.362,0.833,0.809,0.103,0.152
REG,Real Estate,12640636928,31.51376,32.714287,1.8998368,11.398,0.0602,0.03056,0.26093,0.39363,73.101,0.88,0.723,0.94,0.077,0.074
REGN,Healthcare,76137136128,17.210348,15.854336,2.385421,4.77,0.15188,0.06157,0.32131,0.29563,8.739,4.063,3.193,0.368,0.009,0.18
RF,Financial Services,23449864192,11.577093,11.628319,1.3141972,,0.11401,0.01359,0.31044,0.46976003,,,,1.049,0.156,
RSG,Industrials,67604086784,32.173847,31.795889,5.654411,4.875,0.18249,0.06343,0.12768,0.19919,113.763,0.583,0.51,0.55,0.033,-0.022
RMD,Healthcare,37447651328,26.258953,24.931973,6.116634,7.021,0.25413,0.14185001,0.2735,0.34618,13.826,2.888,1.866,0.867,0.091,0.123
RVTY,Healthcare,11698955264,51.953606,19.532946,1.5581907,4.928,0.0304,0.02093,0.08441,0.13788,45.676,1.753,1.318,1.061,0.022,-0.474
ROK,Industrials,45456105472,52.64193,35.46404,12.436249,5.829,0.20282,0.079169996,0.104169995,0.19732,98.275,1.135,0.696,1.499,0.138,-0.412
ROL,Consumer Cyclical,29542645760,57.383175,54.82143,19.424232,8.298,0.36208,0.14887,0.14019,0.22037001,59.534,0.773,0.575,0.785,0.12,0.205
ROP,Technology,48174206976,30.866207,22.355644,2.4095788,7.422,0.081549995,0.041050002,0.20337,0.28401,47.288,0.577,0.459,0.938,0.143,0.082
ROST,Consumer Cyclical,58176032768,27.792187,26.587442,9.711711,2.645,0.37425,0.10819,0.0947,0.11578,88.181,1.52,0.85,1.038,0.104,0.068
RCL,Consumer Cyclical,70267224064,17.327505,18.03079,6.9493217,5.219,0.46677,0.07463,0.23318,0.33139,203.878,0.165,0.069,1.914,0.052,0.363
SPGI,Financial Services,152198152192,36.22965,29.656157,4.5649505,11.046,0.119940005,0.06626,0.28091,0.44316003,31.784,0.974,0.78,1.188,0.088,0.241
CRM,Technology,249104924672,34.835564,23.4115,4.0894895,6.064,0.12184,0.059499998,0.17913,0.23862,19.385,0.984,0.785,1.253,0.086,0.386
SBAC,Real Estate,20202213376,23.876574,20.673937,-4.1025753,12.503,,0.0896,0.30724,0.53851,,0.504,0.399,0.861,0.097,-0.083
SLB,Energy,57456300032,14.96498,10.479564,2.2412586,1.927,0.15182,0.0686,0.10341,0.15479,47.459,1.387,0.904,0.732,-0.025,-0.398
STX,Technology,60740550656,35.83419,28.741238,-945.0509,6.635,,0.1699,0.17922,0.26892,,0.979,0.562,1.614,0.213,0.723
SRE,Utilities,59172110336,27.895386,17.638134,1.8989967,7.361,0.0677,0.01845,0.15754,0.14503,81.287,1.587,0.085,0.733,0.135,-0.882
NOW,Technology,177835884544,103.059105,51.15928,15.691878,13.762,0.16813,0.056500003,0.13665,0.16789,21.255,1.063,0.885,0.972,0.218,0.159
SHW,Basic Materials,83055419392,32.562073,26.064945,18.552492,4.135,0.59939,0.09191,0.110489994,0.18197,325.153,0.822,0.46,1.241,0.032,0.053
SPG,Real Estate,68862910464,26.612244,26.926252,25.81083,13.815,0.82455003,0.058319997,0.36498,0.50757,884.863,0.592,0.592,1.394,0.082,0.274
SWKS,Technology,10306482176,22.506495,10.83125,1.7904742,2.48,0.0789,0.03948,0.116739996,0.10235,20.898,2.325,1.491,1.309,0.073,1.545
SJM,Consumer Defensive,10681168896,,9.507123,1.762531,2.118,-0.17438,0.0452,-0.13608,0.19118999,131.357,0.885,0.281,0.21,0.026,
SW,Consumer Cyclical,18819596288,24.68493,9.98338,1.0181079,1.029,0.04099,0.02747,0.02402,0.07672,76.445,1.482,0.776,1.007,0.043,
SNA,Industrials,18111643648,18.216684,17.256958,3.1028874,3.489,0.18330999,0.10019,0.19827999,0.25257,22.27,4.399,3.222,0.776,0.036,0.068
SOLV,Healthcare,14817624064,9.808267,15.4484625,2.9716852,2.18,0.37271,0.03208,0.18139,0.07824,103.028,1.5,0.959,,0.007,9.314
SO,Utilities,95003328512,21.462687,19.972221,2.7142317,5.834,0.11429,0.03457,0.15422,0.36558998,192.679,0.755,0.433,0.444,0.075,0.108
LUV,Industrials,19878354944,60.079365,23.80503,2.5172918,0.792,0.04168,0.00712,0.0137600005,0.00504,67.618,0.491,0.376,1.167,0.012,-0.091
SWK,Industrials,11224513536,24.989655,13.200365,1.2500432,1.187,0.04918,0.02863,0.02892,0.09042,78.538,1.109,0.288,1.196,0.001,-0.434
SBUX,Consumer Cyclical,96789954560,52.22086,22.881721,-11.951699,3.226,,0.07266,0.04992,0.10976,,0.723,0.465,0.977,0.055,-0.854
STT,Financial Services,35067580416,13.122081,13.234475,1.4485264,-3.469,0.111499995,0.0084,0.21877001,0.32749,,,,1.453,0.094,0.23
STLD,Basic Materials,24321142784,21.883444,16.456175,2.6845398,1.538,0.12550999,0.05547,0.0639,0.10516,42.166,3.107,1.294,1.471,0.112,0.337
STE,Healthcare,25930606592,37.719196,26.40722,3.6848662,4.839,0.101339996,0.06434,0.12073,0.18372999,29.314,2.37,1.425,1.014,0.099,0.286
SYK,Healthcare,139209850880,47.834427,26.904655,6.390127,6.275,0.14036,0.07497,0.12071,0.22272,78.646,1.849,0.942,0.895,0.102,0.028
SMCI,Technology,20708927488,27.31496,8.181603,3.1738334,1.029,0.12787,0.04587,0.03766,0.03632,79.184,5.394,2.87,1.516,-0.155,-0.616
SYF,Financial Services,29898543104,8.811403,12.420403,1.8267373,2.939,0.21636999,0.030269999,0.37066,0.53381,,,,1.451,0.207,0.474
SNPS,Technology,88950636544,62.905663,31.389376,3.1347635,15.422,0.065019995,0.02305,0.31042,0.095,54.828,1.625,1.396,1.154,0.14,-0.427
SYY,Consumer Defensive,35004743680,19.597855,14.857723,16.925215,0.595,0.8346,0.08311,0.02211,0.041750003,690.715,1.148,0.615,0.62,0.032,0.0
TMUS,Communication Services,235921588224,20.195568,19.646673,3.877083,4.106,0.19034,0.05743,0.13826999,0.2223,200.622,0.893,0.566,0.436,0.089,-0.077
TROW,Financial Services,23417251840,11.622683,11.398931,2.1551778,2.952,0.1867,0.10049,0.28892002,0.35474,4.09,3.81,3.81,1.538,0.06,0.087
TTWO,Communication Services,45802979328,,31.617348,13.340509,7.588,-0.86609,-0.0062599997,-0.64265,-0.054970004,102.325,1.154,1.018,0.957,0.311,
TPR,Consumer Cyclical,24074741760,88.77863,24.432772,59.886715,3.782,0.16053,0.09236,0.03765,0.21213,1051.139,1.525,0.788,1.665,0.131,0.62
TRGP,Energy,38893776896,24.325708,21.881355,14.345584,3.236,0.4985,0.08448,0.09949,0.2016,615.121,0.773,0.52,0.891,0.078,0.257
TGT,Consumer Defensive,41891057664,11.174545,8.7716465,2.692937,0.555,0.25094998,0.052410003,0.03576,0.04626,132.062,0.975,0.18,1.125,-0.016,-0.184
TEL,Technology,69032648704,38.045456,26.068966,5.4853134,4.299,0.14618,0.08783,0.106709994,0.19773,50.102,1.556,0.91,1.246,0.167,1.453
TDY,Technology,24522500096,30.295824,24.338305,2.3219938,4.417,0.08127,0.04685,0.13616,0.18545,23.989,1.787,1.031,1.031,0.067,-0.161
TER,Technology,31937193984,73.00727,47.24,11.617962,10.985,0.15767999,0.08334,0.15495,0.18892,9.89,1.759,0.896,1.848,0.043,-0.157
TSLA,Consumer Cyclical,1513247735808,311.64383,140.4321,18.912628,15.54,0.06791,0.0235,0.05314,0.06628,17.082,2.066,1.486,1.878,0.116,-0.371
TXN,Technology,165953896448,33.249546,31.044216,9.979225,10.119,0.29757,0.10697,0.29208001,0.36736,84.477,4.45,2.806,0.989,0.142,0.007
TPL,Energy,21257795584,44.64672,12.651531,15.539728,26.856,0.3937,0.27351,0.61676997,0.73521006,1.292,10.857,9.714,0.964,0.17,0.138
TXT,Industrials,14874796032,18.26477,12.458209,1.9621532,1.223,0.11465,0.043670002,0.05809,0.09495,55.332,1.838,0.693,1.013,0.051,0.105
TMO,Healthcare,215194320896,33.108093,24.383568,4.217995,5.658,0.13116999,0.04942,0.15022,0.19277,69.75,1.498,0.946,0.902,0.049,0.005
TJX,Consumer Cyclical,170591256576,33.762115,33.32174,18.186995,3.031,0.58396,0.12331,0.086789995,0.12489,140.977,1.094,0.383,0.762,0.075,0.123
TKO,Communication Services,16609721344,76.88973,62.41358,4.1761146,9.732,0.08129,0.03032,0.08989,0.15632,42.785,1.456,0.982,0.254,-0.273,0.65
TTD,Communication Services,19582162944,45.511364,20.751295,7.4650517,6.557,0.16783,0.05764,0.15717,0.21802999,14.456,1.71,1.644,1.069,0.177,0.211
TSCO,Consumer Cyclical,28576067584,26.125607,4.85894,11.118422,2.215,0.45459,0.090100005,0.07176,0.09215,222.382,1.301,0.066,0.719,0.072,0.088
TT,Industrials,89324339200,30.66692,31.733597,10.703087,4.395,0.3721,0.114209995,0.13926,0.20219,55.305,1.205,0.796,1.194,0.055,0.114
TDG,Industrials,75895939072,42.0106,30.976542,-7.83915,11.679,,0.10823,0.23485,0.47764,,3.214,2.158,0.92,0.115,0.34
TRV,Financial Services,63237849088,11.049961,13.218353,1.9816712,1.333,0.19809,0.034560002,0.121350005,0.19687,29.318,0.338,0.205,0.541,0.048,0.52
TRMB,Technology,19875176448,57.205475,28.026844,3.4316707,5.84,0.06131,0.03812,0.099309996,0.18364,24.038,1.004,0.619,1.601,0.029,1.875
TFC,Financial Services,61286850560,12.742627,12.032911,1.0177947,5.124,0.07982,0.00982,0.28605,0.39318,,,,0.882,0.025,0.048
TYL,Technology,20304066560,65.366295,43.3361,5.6037397,8.653,0.091680005,0.045840003,0.13719,0.16434999,17.86,1.028,0.976,0.912,0.097,0.109
TSN,Consumer Defensive,20095838208,42.79699,16.262857,1.1110244,0.527,0.0276,0.025710002,0.00871,-0.0049799997,53.19,1.552,0.587,0.463,0.022,-0.87
USB,Financial Services,79770271744,11.729977,11.838337,1.4112269,3.757,0.1172,0.01044,0.27632,0.39486,,,,1.109,0.072,0.185
UBER,Technology,190440423424,11.752895,38.694916,6.750942,3.931,0.72994006,0.051609997,0.33542,0.082650006,45.755,1.154,0.98,1.192,0.204,1.585
UDR,Real Estate,13252415488,80.0,74.893616,3.6024973,10.654,0.03649,0.02016,0.08595,0.20661,144.858,0.159,0.002,0.708,0.066,0.976
ULTA,Consumer Cyclical,27034783744,23.099077,26.300829,10.166311,2.425,0.47967,0.15153,0.09932,0.10828,97.784,1.328,0.174,0.866,0.129,0.0
UNP,Industrials,139576688640,19.958439,19.43105,8.065743,6.991,0.41619,0.09198,0.2873,0.41030997,189.829,0.748,0.527,0.995,0.025,0.095
UAL,Industrials,33976299520,10.516032,8.680728,2.3744879,0.89,0.25588,0.04435,0.05643,0.0888,218.897,0.667,0.581,1.304,0.026,0.0
UPS,Industrials,80486342656,14.663061,10.768445,5.0844097,1.15,0.33618,0.07118,0.061490003,0.10175,184.32,1.305,1.174,1.094,-0.037,-0.141
URI,Industrials,51274162176,20.533625,17.006187,5.646238,4.092,0.28781,0.08681,0.15826,0.26484,169.022,0.898,0.734,1.678,0.059,0.02
UNH,Healthcare,299751047168,17.243877,11.0672245,3.1299126,0.826,0.17476,0.05361,0.04042,0.03813,75.734,0.823,0.745,0.432,0.122,-0.602
UHS,Healthcare,14705629184,10.998572,12.724669,2.0138216,1.151,0.20028,0.08218,0.08093,0.11605,70.037,1.031,0.854,1.274,0.134,0.542
VLO,Energy,54096896000,36.203743,18.045597,2.236033,0.531,0.052389998,0.03586,0.01283,0.05527,39.561,1.596,1.002,0.759,-0.032,2.096
VTR,Real Estate,37865164800,152.09435,503.8125,3.061178,9.177,0.021559998,0.021370001,0.042930003,0.15584,100.11,0.524,0.411,0.794,0.218,2.016
VLTO,Industrials,25366056960,27.989042,27.242668,8.909821,4.854,0.37978,0.11594,0.16746001,0.23219,100.772,1.568,1.301,1.107,0.068,0.08
VRSN,Technology,23309178880,29.083916,28.848555,-11.305726,14.943,,0.47981,0.49855998,0.67836,,0.527,0.481,0.778,0.073,0.097
VRSK,Industrials,30910541824,34.036922,30.348423,81.8498,11.096,2.68133,0.15722,0.30418,0.45529,1295.046,1.193,1.143,0.814,0.059,0.045
VZ,Communication Services,175782772736,8.889126,8.813953,1.6734234,2.506,0.19875,0.05175,0.14428,0.23932,164.799,0.739,0.574,0.32,0.015,0.5
VRTX,Healthcare,116780818432,32.053486,24.266382,6.6788864,9.478,0.22307,0.12039,0.31349,0.40268,10.594,2.362,1.84,0.321,0.11,0.047
VTRS,Healthcare,12618327040,,4.093633,0.8325716,1.855,-0.21087,0.02184,-0.26134002,0.107609995,97.03,1.351,0.644,0.833,0.002,
VICI,Real Estate,29638139904,10.543726,10.157509,1.0709871,11.901,0.10357001,0.05009,0.70175004,0.97673,62.925,37.05,37.048,0.714,0.044,0.014
V,Financial Services,642917597184,32.47451,26.164297,17.090082,16.048,0.52068,0.17261,0.50145,0.6575,68.807,1.078,0.757,0.822,0.115,-0.014
VST,Utilities,56641458176,60.133095,24.227535,20.707296,4.424,0.1731,0.03592,0.06701,0.21042,335.784,0.995,0.35,1.398,-0.209,-0.667
VMC,Basic Materials,38961438720,34.85461,32.47467,4.4563837,5.547,0.13520999,0.06404,0.14189,0.23622,56.296,2.231,1.353,1.064,0.144,0.808
WRB,Financial Services,25355014144,14.016807,15.337932,2.5865479,1.704,0.20887,0.03825,0.13007,0.17723,31.481,0.399,0.243,0.375,0.108,0.407
GWW,Industrials,46662266880,27.32605,23.166468,13.046862,2.759,0.46719003,0.18964,0.09746,0.15180999,68.67,2.717,1.461,1.116,0.061,-0.38
WAB,Industrials,36747247616,31.242731,25.318022,3.3250315,3.891,0.11147001,0.05862,0.10941,0.18468,51.131,1.424,0.664,0.994,0.084,0.11
WMT,Consumer Defensive,917754937344,40.389477,42.31985,9.549527,1.396,0.23661,0.06539,0.03259,0.0373,66.747,0.803,0.196,0.641,0.058,0.352
DIS,Communication Services,189322444800,15.349854,20.446602,1.7165214,2.462,0.12203,0.04474,0.13136,0.11868,39.632,0.71,0.554,1.497,-0.005,1.873
WBD,Communication Services,64625573888,137.26315,-200.61539,1.7935492,2.512,0.00969,0.01055,0.01281,0.087340005,89.857,1.074,0.628,1.608,-0.06,
WM,Industrials,86044344320,33.6877,26.465925,9.039275,4.407,0.29328,0.07051,0.10345,0.18872999,245.399,0.843,0.731,0.586,0.149,-0.207
WAT,Healthcare,23504910336,36.221104,30.534414,10.083259,7.916,0.32987,0.11534,0.20891,0.27392998,66.042,1.534,0.965,1.163,0.08,-0.077
WEC,Utilities,34386853888,20.058823,20.25096,2.5343435,5.865,0.12807,0.0306,0.17748,0.22163,151.448,0.498,0.261,0.556,0.129,0.093
WFC,Financial Services,287765135360,14.799011,16.362478,1.7191029,3.88,0.115200005,0.01064,0.26629,0.33717,,,,1.108,0.075,0.169
WELL,Real Estate,140223692800,140.90344,112.25824,3.6063404,15.355,0.0275,0.02001,0.09693,0.19906001,46.211,6.991,4.094,0.84,0.306,-0.437
WST,Healthcare,20160702464,41.515556,37.26463,6.6028132,6.573,0.16945,0.10222,0.16293,0.21849,9.93,2.87,2.016,1.166,0.077,0.038
WDC,Technology,57894735872,23.820873,19.17026,9.8100605,,0.29707,0.0828,0.25459,0.15403,,1.213,0.844,1.886,,
WY,Real Estate,15649573888,47.152176,25.22093,1.6566104,2.931,0.03419,0.019270001,0.0468,0.02854,58.233,1.227,0.58,1.088,0.021,1.859
WSM,Consumer Cyclical,21412124672,19.753304,22.0615,10.442477,2.78,0.56918997,0.17867,0.14297,0.16950001,70.88,1.427,0.541,1.548,0.046,0.048
WMB,Energy,76704751616,32.544044,30.052633,6.1475973,9.238,0.16902,0.04537,0.20462999,0.39554,188.338,0.422,0.254,0.637,0.083,-0.085
WTW,Financial Services,31283642368,15.359197,17.728027,3.9822187,3.545,0.27633,0.05075,0.21576001,0.18881,75.685,1.104,0.327,0.635,-0.0,
WDAY,Technology,58729320448,92.420166,26.501205,6.5400057,5.936,0.073359996,0.03178,0.06955,0.10855,42.719,1.829,1.721,1.151,0.126,0.306
WYNN,Consumer Cyclical,13050094592,27.829268,25.001993,-34.922092,3.148,,0.055770002,0.07092,0.16931999,,1.757,1.605,1.092,0.083,
XEL,Utilities,45655040000,23.530489,20.151436,2.1550834,5.634,0.09449001,0.02236,0.13459,0.26615998,167.891,0.795,0.478,0.453,0.074,-0.272
XYL,Industrials,33844631552,35.827316,29.265263,3.020315,3.933,0.08555,0.047989998,0.10659,0.15653,18.253,1.957,1.32,1.174,0.078,0.045
YUM,Consumer Cyclical,40248557568,28.25731,23.842106,-5.3696847,6.412,,0.24031,0.17951,0.34410998,,1.694,1.458,0.668,0.084,0.044
ZBRA,Technology,13464304640,26.667673,16.50935,3.5857334,2.802,0.14286,0.06394,0.09743,0.14621,62.984,1.607,1.132,1.675,0.052,-0.254
ZBH,Healthcare,18684557312,23.394539,10.9627905,1.4648395,3.199,0.06421,0.043330003,0.100530006,0.17003,64.523,2.428,1.209,0.612,0.097,-0.057
ZTS,Healthcare,52583723008,19.974747,18.71451,9.703934,6.118,0.49868,0.15089,0.28211,0.39333,135.05,3.643,2.006,0.971,0.005,0.085
