ticker,sector,marketCap,trailingPE,forwardPE,priceToBook,enterpriseToRevenue,returnOnEquity,returnOnAssets,profitMargins,operatingMargins,debtToEquity,currentRatio,quickRatio,beta,revenueGrowth,earningsGrowth,pegRatio
MMM,Industrials,91377950720,27.40575,21.716455,19.692379,3.995,0.72920996,0.07971,0.137,0.24367,281.904,1.842,1.027,1.152,0.035,-0.375,-0.5791054666666666
AOS,Industrials,9242947584,17.778975,16.206387,4.9792404,2.411,0.28209,0.13878,0.13851,0.18631001,12.063,1.544,0.894,1.336,0.044,0.146,1.1100265068493151
ABT,Healthcare,219854782464,15.869347,24.480621,4.3108215,5.137,0.3062,0.067930005,0.3188,0.19395,25.31,1.703,1.088,0.719,0.069,0.0,
ABBV,Healthcare,396548079616,169.97726,18.497114,-150.08026,7.709,1.37961,0.09585,0.04004,0.35497,,0.725,0.468,0.352,0.091,-0.887,-0.20853567080045096
ACN,Technology,162576990208,21.500822,18.551527,5.203229,2.291,0.25509,0.111829996,0.11021,0.1522,25.38,1.42,1.301,1.262,0.073,-0.155,-1.1968727096774194
ADBE,Technology,136935997440,20.12531,15.708516,11.519055,5.86,0.52875,0.18094,0.30012,0.36289,56.542,1.019,0.87,1.536,0.107,0.112,1.4025460714285714
AMD,Technology,350419681280,112.10417,42.203922,5.764328,10.836,0.05317,0.025980001,0.10323,0.13736,6.366,2.308,1.176,1.913,0.356,0.603,0.6998992039800995
AES,Utilities,9941209088,9.184211,6.8768473,2.5723236,3.865,0.05106,0.02269,0.0874,0.20501,302.896,0.723,0.376,1.003,0.019,0.253,0.2718121462450593
AFL,Financial Services,58205712384,14.30092,15.178522,1.9943193,3.517,0.1558,0.02645,0.23552,0.4327,50.003,1.089,0.993,0.66,0.607,,
A,Healthcare,42187698176,32.562363,26.338053,6.2485824,6.288,0.20618999,0.07524,0.18754,0.23804002,49.755,1.957,1.396,1.279,0.094,0.249,1.0577531325301204
APD,Basic Materials,57154494464,,18.120676,3.8039434,6.317,-0.01923,-0.0126,-0.03277,-0.89169,106.228,1.381,0.999,0.871,-0.006,-0.998,-0.1815698997995992
ABNB,Consumer Cyclical,72549924864,28.281622,26.333334,8.3680525,5.229,0.30776,0.07475,0.2203,0.39683,26.458,1.392,0.845,1.112,0.097,0.038,6.9298247368421055
AKAM,Technology,12491817984,25.463343,12.998504,2.638087,4.017,0.10642,0.03785,0.12262999,0.15743,110.548,2.281,1.983,0.701,0.05,1.553,0.0836993174500966
ALB,Basic Materials,15081761792,,69.641304,1.9431933,3.927,0.00209,0.0014,-0.00428,-0.02244,36.655,2.273,1.384,1.462,-0.035,,
ARE,Real Estate,9303173120,,15.648256,0.5510683,8.88,-0.01084,0.010670001,-0.13436,0.19073,66.083,1.579,1.363,1.324,-0.05,,
ALGN,Healthcare,10940366848,29.25,14.7105255,2.7474787,2.497,0.095769994,0.06323,0.095010005,0.15673,3.064,1.289,1.091,1.868,0.018,-0.497,-0.29598642857142854
ALLE,Industrials,14123005952,22.213804,21.073172,7.255049,4.041,0.36411,0.10391,0.16092,0.21856001,116.084,1.771,1.014,1.043,0.107,0.095,2.2182286315789472
LNT,Utilities,17101782016,20.921383,20.597523,2.340463,6.614,0.11461,0.027209999,0.19139,0.28843,163.145,0.825,0.554,0.658,0.119,-0.052,-3.961062115384615
ALL,Financial Services,55048900608,6.773995,10.977929,2.1461005,0.824,0.34469002,0.05093,0.12533,0.24439,29.43,0.426,0.288,0.258,0.038,2.222,0.04940562106210621
GOOGL,Communication Services,3825129226240,31.14497,35.24665,9.858895,9.745,0.3545,0.16275999,0.32233003,0.30512,11.424,1.747,1.563,1.082,0.159,0.353,0.998488668555241
GOOG,Communication Services,3814940737536,31.165678,35.309498,9.865451,9.752,0.3545,0.16275999,0.32233003,0.30512,11.424,1.747,1.563,1.082,0.159,0.353,1.0002690651558075
MO,Consumer Defensive,98811183104,11.225191,10.994392,-37.322334,6.001,,0.22268,0.4398,0.62826,,0.618,0.449,0.504,-0.017,0.052,2.1143061538461536
AMZN,Consumer Cyclical,2506000433152,33.11017,38.117073,6.7776904,3.721,0.24327,0.07495,0.11063,0.11057,43.405,1.009,0.76,1.368,0.134,0.364,1.0471723351648352
AMCR,Consumer Cyclical,19390222336,27.999998,10.632911,1.6522422,1.974,0.07467,0.03543,0.03345,0.0933,134.68,1.042,0.52,0.689,0.713,-0.144,-0.7383965972222223
AEE,Utilities,27457939456,19.521154,20.632114,2.1485417,5.522,0.11387,0.02931,0.1634,0.34,155.736,0.93,0.461,0.585,0.248,0.382,0.5401076963350785
AEP,Utilities,63819718656,17.456808,20.242785,2.0995264,5.246,0.12923001,0.03209,0.17228001,0.25885,152.132,0.686,0.419,0.601,0.109,0.006,33.737975000000006
AXP,Financial Services,251004731392,24.208055,23.855822,7.666476,3.905,0.33935001,0.03708,0.16143999,0.22052999,185.273,1.602,1.579,1.147,0.122,0.186,1.282571075268817
AIG,Financial Services,42630594560,13.839928,11.4679575,1.0197996,1.467,0.07688,0.017819999,0.120170005,0.15235,22.48,0.617,0.214,0.622,-0.041,0.323,0.35504512383900927
AMT,Real Estate,82304860160,27.995222,25.892488,20.8281,12.643,0.28839,0.04733,0.28106,0.45477,418.09,0.59,0.492,0.917,0.077,,
AWK,Utilities,25512407040,22.97891,22.938597,2.339082,8.017,0.10457,0.035520002,0.21933001,0.42591,140.983,0.421,0.31,0.753,0.097,0.081,2.831925555555556
AMP,Financial Services,43062308864,12.562982,11.824747,6.59025,1.956,0.59589,0.022219999,0.19586,0.37298,54.222,2.433,1.554,1.263,0.073,0.866,0.13654442263279448
AME,Industrials,45564903424,31.167456,27.026026,4.314424,6.661,0.14632,0.07488,0.20502001,0.25787002,26.09,1.155,0.66,1.045,0.108,0.088,3.0711393181818187
AMGN,Healthcare,182200303616,26.168598,16.369617,18.941946,6.32,0.8171,0.07706,0.19474001,0.34153,567.491,1.28,0.823,0.461,0.124,0.136,1.2036483088235295
APH,Technology,173191626752,47.163334,65.50463,13.828186,8.461,0.34807998,0.14032,0.18218,0.27481002,63.99,2.07,1.409,1.194,0.534,1.021,0.6415732615083253
ADI,Technology,133660884992,59.861843,36.20292,3.95265,12.611,0.06573,0.03891,0.20575,0.30501,26.5,2.19,1.568,1.05,0.259,0.661,0.5476992435703478
AON,Financial Services,74542112768,27.633894,19.879242,9.37085,5.345,0.3769,0.05587,0.15962,0.20365,214.88,1.058,0.222,0.837,0.074,0.344,0.5778849418604651
APA,Energy,9105666048,6.088517,9.254546,1.51741,1.497,0.27427998,0.099259995,0.16093999,0.27281,66.895,0.775,0.585,0.763,-0.164,,
APO,Financial Services,76662218752,19.281752,15.575473,3.5262709,3.542,0.16549,0.0144299995,0.15777001,0.29920998,94.598,1.986,1.875,1.61,0.264,1.153,0.1350864960971379
AAPL,Technology,4247171104768,38.311916,34.439228,57.341213,10.3,1.7142199,0.22964,0.26915002,0.31647,152.411,0.893,0.771,1.109,0.079,0.912,0.3776231140350877
AMAT,Technology,211373129728,30.673988,27.381836,10.319305,7.355,0.35508,0.14974,0.24669,0.27838,32.109,2.61,1.72,1.674,-0.035,0.135,2.028284148148148
APTV,Consumer Cyclical,16872030208,58.696968,11.100287,1.8076197,1.169,0.03294,0.057729997,0.01464,0.114350006,85.425,1.793,1.215,1.514,0.074,,
ACGL,Financial Services,34593787904,8.686973,10.253319,1.4812152,1.717,0.17811,0.03899,0.20959,0.30691,11.501,0.564,0.277,0.453,0.082,0.391,0.26223322250639386
ADM,Consumer Defensive,28983160832,24.51626,11.895463,1.2869428,0.447,0.05242,0.0175,0.01429,0.01949,40.467,1.372,0.369,0.686,0.022,4.891,0.02432112655898589
ANET,Technology,160206258176,48.372623,13.0750265,13.453892,17.767,0.31736,0.14658,0.3973,0.42378,,3.254,2.485,1.392,0.275,0.155,0.8435500967741936
AJG,Financial Services,62716915712,39.0752,21.65071,2.702595,6.214,0.090670004,0.023020001,0.13257,0.17212,58.979,1.055,0.167,0.686,0.2,-0.252,-0.8591551587301588
AIZ,Financial Services,11170155520,13.498171,12.353236,1.9297051,0.894,0.15413,0.020539999,0.06753,0.11153,38.316,0.41,0.146,0.58,0.089,1.027,0.12028467380720548
T,Communication Services,180922761216,8.312704,11.392858,1.6387337,2.721,0.19139999,0.040209997,0.17870001,0.2158,124.412,1.013,0.707,0.598,0.016,,
ATO,Utilities,27500804096,22.768408,23.820728,2.0266922,7.783,0.09323,0.037130002,0.2549,0.30696,68.616,0.773,0.431,0.749,0.121,0.256,0.9304971874999999
ADSK,Technology,66083250176,60.242718,33.796295,22.7356,9.614,0.40333998,0.097449996,0.16129999,0.25688,94.504,0.823,0.654,1.477,0.18,0.26,1.2998575
ADP,Technology,104180916224,25.387955,23.659613,16.337187,5.08,0.70572996,0.06624,0.19788,0.25891,154.917,1.054,0.266,0.858,0.071,0.064,3.69681453125
AZO,Consumer Cyclical,63773122560,26.386059,21.952559,-18.678196,4.01,,0.12353,0.13191,0.19159001,,0.876,0.101,0.41,0.006,-0.056,-3.9200998214285714
AVB,Real Estate,25788411904,22.087805,32.693142,2.1456409,11.291,0.09754,0.02813,0.38122,0.2928,73.165,0.707,0.09,0.748,0.044,0.024,13.6221425
AVY,Consumer Cyclical,13311812608,19.526077,16.370722,6.040264,1.883,0.30211002,0.08288,0.07932,0.12687999,171.013,1.264,0.793,1.015,0.015,-0.053,-3.0888154716981133
AXON,Industrials,42434101248,169.63722,86.73387,14.011568,16.454,0.10028,-0.00032000002,0.100509994,-0.00229,69.33,3.124,2.729,1.369,0.306,,
BKR,Energy,48825573376,17.062069,19.252918,2.6881077,1.889,0.1689,0.057729997,0.104329996,0.13524,33.042,1.409,0.744,0.894,0.015,-0.208,-0.9256210576923077
BALL,Consumer Cyclical,13174727680,18.836576,13.7138815,2.3972466,1.572,0.117469996,0.04535,0.05357,0.11542,138.426,1.105,0.675,1.141,0.096,0.811,0.1690984155363748
BAC,Financial Services,393975529472,14.532786,14.532786,1.4015441,3.975,0.09871,0.00881,0.29224002,0.35292998,,,,1.304,0.126,0.315,0.4613582857142857
BAX,Healthcare,9684811776,,6.5416665,1.3372135,1.601,-0.04658,0.02849,-0.030940002,0.10123,134.627,1.837,0.954,0.611,0.05,,
BDX,Healthcare,54593933312,32.67067,12.10871,2.1410265,3.376,0.06544,0.041739997,0.07683,0.17858,78.85,1.113,0.438,0.285,0.083,0.252,0.4805043650793651
BRK-B,Financial Services,1093013667840,16.207613,25.231573,0.0010440486,-0.676,0.1017,0.04775,0.18129,0.41103,18.166,2.722,2.55,0.709,0.021,0.172,1.4669519186046514
BBY,Consumer Cyclical,15827752960,24.716171,10.94883,5.9478993,0.453,0.22493,0.06519,0.015420001,0.039809998,154.278,1.045,0.192,1.389,0.024,-0.476,-0.23001743697478994
TECH,Healthcare,9808409600,128.46939,28.744291,4.9873238,8.266,0.038,0.060900003,0.06409,0.1451,20.067,4.217,2.275,1.467,-0.01,0.143,2.0100902797202798
BIIB,Healthcare,26432815104,16.424793,10.815125,1.4517298,2.887,0.09307,0.057490002,0.1598,0.30718002,36.194,2.716,1.766,0.145,0.028,0.192,0.5632877604166667
BLK,Financial Services,161142833152,26.740988,21.153158,2.9019837,7.425,0.120740004,0.034140002,0.26638,0.3214,24.32,2.256,1.661,1.481,0.252,-0.226,-0.9359804424778762
BX,Financial Services,180058619904,42.166668,25.169813,13.68588,10.895,0.26457,0.121190004,0.2117,0.44629002,65.942,1.004,0.941,1.762,-0.196,-0.214,-1.1761594859813085
XYZ,Technology,36642095104,12.094568,18.30691,1.6271012,1.494,0.14692001,0.0226,0.13081001,0.06871,36.049,2.183,1.257,2.651,0.023,0.644,0.2842687888198757
BK,Financial Services,79043395584,16.17316,17.163858,2.0018575,-0.841,0.121520005,0.01194,0.26568002,0.37402,,,,1.123,0.1,0.253,0.6784133596837945
BA,Industrials,156108423168,,436.97873,-18.897682,2.347,,-0.035099998,-0.12197,-0.204,,1.182,0.335,1.17,0.304,,
BKNG,Consumer Cyclical,166427033600,33.44451,24.470192,-35.028717,6.405,,0.20249,0.19371,0.44904998,,1.334,1.262,1.251,0.127,0.135,1.812606814814815
BSX,Healthcare,146791399424,52.95187,35.49104,6.274236,8.155,0.12488,0.05756,0.1443,0.20731,50.973,1.508,0.77,0.674,0.203,0.6,0.5915173333333333
BMY,Healthcare,98225086464,16.24579,6.8634424,5.2952147,2.765,0.33777002,0.0939,0.12572,0.31566,274.414,1.266,1.106,0.309,0.028,0.809,0.08483859579728059
AVGO,Technology,1801912844288,98.08997,61.84279,6.443154,3.107,0.27083,0.08895001,0.31592,0.31765,166.032,1.497,1.279,1.21,0.164,1.881,0.328776129718235
BR,Technology,26568359936,29.068966,24.343315,10.080159,4.217,0.38215,0.09519,0.13112001,0.118719995,132.063,0.927,0.798,0.997,0.117,1.059,0.2298707743153919
BRO,Financial Services,27259035648,24.19394,19.52078,2.1722803,6.378,0.10695,0.03938,0.18691999,0.24129,64.746,1.182,0.472,0.816,0.342,-0.161,-1.2124708074534158
BF-B,Consumer Defensive,14145132544,16.698324,15.731579,3.5431483,4.144,0.22649,0.08595,0.21378,0.27165002,67.728,2.791,0.88,0.41,-0.028,-0.123,-1.278990162601626
BLDR,Industrials,12396083200,21.271347,9.622317,2.8712668,1.098,0.13555999,0.057589997,0.03795,0.05805,117.723,1.786,1.083,1.561,-0.069,-0.549,-0.17526989071038251
BG,Consumer Defensive,19215958016,10.816442,10.327957,1.1781663,0.577,0.09758,0.02592,0.02201,0.02194,102.816,1.66,0.476,0.78,0.716,-0.46,-0.2245208043478261
BXP,Real Estate,12692327424,,38.368984,2.2732313,8.868,-0.01883,0.02379,-0.058509998,0.28563,231.148,1.101,0.984,1.011,0.018,,
CHRW,Industrials,18858237952,32.37931,33.535713,10.179187,1.225,0.34318,0.095790006,0.03636,0.05578,80.904,1.585,1.516,0.909,-0.109,0.675,0.4968253777777778
CDNS,Technology,86635462656,81.9433,46.4146,16.646072,16.516,0.21736,0.11089,0.20354,0.35089,47.685,3.048,2.685,1.043,0.101,0.207,2.2422512077294687
CZR,Consumer Cyclical,4821243904,,17.298508,1.2564367,2.623,-0.04259,0.03948,-0.0212,0.17881,647.396,0.778,0.567,2.065,-0.002,,
CPT,Real Estate,11326389248,42.914978,65.4321,2.5335214,9.547,0.059310004,0.01989,0.1705,0.15994,81.136,0.052,0.038,0.832,0.021,,
CPB,Consumer Defensive,8906995712,14.870646,8.765395,2.2827249,1.559,0.15636,0.06123,0.058709998,0.13098,184.734,0.768,0.246,-0.055,0.012,,
COF,Financial Services,143251881984,76.975945,14.303959,1.3136213,5.033,0.01615,0.0024899999,0.04899,0.38719,,,,1.165,0.679,0.095,1.5056798947368422
CAH,Healthcare,48737869824,30.939669,23.741898,-16.957096,0.228,,0.03438,0.00681,0.01205,,0.957,0.456,0.644,0.224,0.106,2.2398016981132076
KMX,Consumer Cyclical,5809293312,11.351906,10.267904,0.9219301,0.866,0.084180005,0.01864,0.01843,0.021440001,311.84,2.461,0.317,1.287,-0.053,-0.248,-0.41402838709677414
CCL,Consumer Cyclical,35035992064,13.319588,15.023255,2.8423717,2.289,0.25733998,0.05284,0.10069,0.27867,233.568,0.338,0.241,2.527,0.033,0.06,2.5038758333333333
CARR,Industrials,45802049536,33.6375,17.703947,3.1305258,2.565,0.0998,0.03812,0.18052,0.09554,83.159,1.141,0.655,1.292,-0.068,0.005,35.407894
CAT,Industrials,272874897408,29.94704,26.296614,13.195069,4.755,0.46283,0.08201,0.14339,0.17746,201.046,1.384,0.784,1.562,0.095,-0.036,-7.304615000000001
CBOE,Financial Services,26616332288,27.320086,27.706972,5.448217,5.785,0.21621001,0.09729,0.21287,0.32846,32.645,1.718,0.903,0.357,0.081,0.377,0.7349329442970822
CBRE,Real Estate,47415492608,39.34074,26.555,5.4716854,1.411,0.14091,0.044299997,0.031229999,0.04923,104.121,1.127,0.883,1.342,0.135,0.658,0.4035714285714286
CDW,Technology,18893717504,18.225033,14.24506,7.3962345,1.104,0.43007,0.07037,0.04757,0.07774,239.737,1.39,1.244,1.055,0.04,-0.056,-2.543760714285714
COR,Healthcare,68027682816,44.05402,21.434597,45.09645,0.228,1.23751,0.03259,0.00484,0.0114400005,534.1,0.903,0.512,0.64,0.059,,
CNC,Healthcare,19075815424,,5.5127845,0.91043454,0.105,-0.2186,0.020079998,-0.03155,0.0054699997,83.51,1.084,1.04,0.487,0.215,,
CNP,Utilities,25037498368,24.27215,22.04023,2.2689621,5.124,0.09606,0.02901,0.11367,0.2495,202.111,0.513,0.336,0.562,0.071,0.506,0.43557766798418973
CF,Basic Materials,12791005184,9.548972,12.778317,2.5680466,2.482,0.21967,0.09551,0.20472,0.33936,44.133,2.273,1.863,0.673,0.211,0.416,0.30717108173076924
CRL,Healthcare,8600895488,,17.0,2.525616,2.751,-0.021879999,0.043449998,-0.020450002,0.15772,76.251,1.366,0.839,1.636,-0.005,-0.173,-0.9826589595375724
SCHW,Financial Services,167127236608,21.562061,24.228947,3.8595684,5.934,0.17046,0.01768,0.35930002,0.49242002,99.789,0.59,0.59,0.953,0.266,0.775,0.3126315741935484
CHTR,Communication Services,27006771200,5.4830837,5.5259924,1.6679742,2.303,0.31327,0.05546,0.092939995,0.23858999,497.907,0.375,0.313,1.054,-0.009,-0.054,-1.023331925925926
CVX,Energy,302727069696,21.132208,13.609601,1.5935897,1.813,0.07316,0.04047,0.06767,0.098529994,21.239,1.152,0.72,0.669,-0.014,-0.266,-0.5116391353383458
CMG,Consumer Cyclical,45777813504,30.212389,26.06107,14.049382,4.132,0.44958,0.13583,0.13036,0.16134001,154.574,1.542,1.415,0.999,0.075,0.022,11.845940909090912
CB,Financial Services,117414297600,12.301587,12.473528,1.6161516,2.368,0.1364,0.029679999,0.16442,0.25623,30.958,0.38,0.176,0.527,0.091,0.226,0.551926017699115
CHD,Consumer Defensive,20351072256,26.353312,22.396784,4.7495594,3.608,0.18594,0.07856,0.12742,0.16057,56.855,1.086,0.607,0.452,0.05,,
CI,Healthcare,73219186688,12.133688,8.751596,1.7479976,0.375,0.15538,0.0395,0.02293,0.04,81.021,0.828,0.687,0.275,0.095,1.654,0.05291170495767836
CINF,Financial Services,25609766912,12.1762085,22.34243,1.6583297,2.055,0.14529,0.04305,0.17569,0.38272,5.732,1.118,0.929,0.703,0.122,0.367,0.6087855585831062
CTAS,Industrials,74219462656,41.022274,39.35684,15.606677,7.252,0.42187,0.15977,0.17538,0.22731,56.254,2.239,1.034,0.963,0.087,0.091,4.324927472527473
CSCO,Technology,303720660992,29.679539,19.710257,6.458036,5.505,0.22418,0.06646,0.17902,0.23604,63.228,0.927,0.718,0.869,0.075,0.06,3.2850428333333332
C,Financial Services,189962256384,14.492978,14.351878,0.9518583,0.275,0.06995,0.0058399998,0.19488001,0.30606002,,,,1.198,0.116,0.232,0.6186154310344827
CFG,Financial Services,23577536512,15.310925,14.124031,0.9943244,3.213,0.067140006,0.0077,0.22894,0.32026002,,,,1.112,0.136,0.364,0.3880228296703297
CLX,Consumer Defensive,12916501504,16.623234,14.525377,-585.02765,2.361,4.43646,0.114630006,0.11682,0.08328,2230.435,0.759,0.389,0.565,-0.189,-0.187,-0.776758128342246
CME,Financial Services,100062830592,26.888565,26.758919,3.5421693,15.859,0.13346,0.01601,0.58946997,0.63386,13.372,1.021,0.021,0.297,-0.03,-0.004,-66.8972975
CMS,Utilities,22105788416,20.933718,20.290503,2.558377,4.895,0.11233,0.03254,0.12622,0.26174998,191.634,0.899,0.425,0.474,0.16,0.092,2.2054894565217396
KO,Consumer Defensive,304140156928,23.400661,23.794613,9.730139,7.1,0.42442,0.08959,0.2734,0.32373002,144.771,1.211,0.877,0.398,0.051,0.301,0.7905187043189369
CTSH,Technology,37943480320,17.983797,15.5691395,2.518886,1.741,0.14501001,0.101560004,0.10203,0.15993,7.854,2.358,1.965,0.974,0.074,-0.521,-0.2988318522072937
COIN,Financial Services,70986432512,22.773355,73.7423,4.415336,9.361,0.26005,0.00873,0.43664002,0.25254,48.559,2.404,1.105,3.675,0.589,4.306,0.17125476079888527
CL,Consumer Defensive,63703961600,22.078432,20.41969,74.21845,3.526,2.93635,0.15337,0.1447,0.2023,680.048,0.93,0.505,0.3,0.019,0.011,18.563354545454548
CMCSA,Communication Services,99763421184,4.4883723,6.1689496,1.0171278,1.531,0.24186,0.051069997,0.18333,0.17735,101.462,0.882,0.689,0.826,-0.027,-0.042,-1.4687975238095239
CAG,Consumer Defensive,8237215232,9.728813,6.4014864,0.92386925,1.382,0.096540004,0.046669997,0.07424,0.11688,92.867,1.058,0.401,-0.011,-0.058,-0.649,-0.09863615408320492
COP,Energy,111518064640,12.611582,11.119553,1.6994994,2.082,0.15421,0.080979995,0.14445,0.19543,36.169,1.323,0.999,0.327,0.14,-0.216,-0.5147941203703703
ED,Utilities,34963832832,16.935316,17.236656,1.4469656,3.704,0.08839,0.03264,0.122700006,0.25342,110.373,1.075,0.694,0.365,0.107,0.124,1.3900529032258064
STZ,Consumer Defensive,23996835840,20.066957,9.087673,3.2168193,3.625,0.15912,0.0896,0.12705,0.36413,135.429,1.083,0.383,0.463,-0.15,,
CEG,Utilities,113612537856,41.657505,40.633522,7.913956,4.79,0.19839,0.0388,0.11026,0.16332,61.51,1.563,1.144,1.13,0.003,-0.223,-1.8221310313901344
COO,Healthcare,15131028480,37.176468,18.588234,1.8050267,4.309,0.050100002,0.03794,0.1008,0.16570999,29.67,2.116,0.908,1.06,0.057,-0.058,-3.2048679310344825
CPRT,Industrials,37713969152,23.90184,22.390804,3.9282112,7.001,0.18124,0.1142,0.34243,0.37289003,1.039,7.939,7.685,1.111,0.007,0.108,2.0732225925925922
GLW,Technology,71769636864,53.66026,36.238094,5.8632765,5.349,0.12739,0.044239998,0.09159,0.14561,76.51,1.556,0.745,1.103,0.209,,
CPAY,Technology,20827713536,20.037365,13.298017,5.0688276,6.244,0.29097,0.06309,0.24365999,0.44617,201.153,1.134,0.722,0.86,0.139,0.003,44.326723333333334
CTVA,Basic Materials,44548960256,26.558704,20.436136,1.7603649,2.654,0.06705,0.03805,0.09187999,-0.10313,17.175,1.578,0.998,0.748,0.126,,
CSGP,Real Estate,28904712192,1136.6666,60.892853,3.3523397,9.197,0.00252,-0.00398,0.00664,-0.061300002,13.126,3.121,2.839,0.84,0.204,,
COST,Consumer Defensive,408899190784,50.77258,46.85112,14.0130415,1.465,0.30686,0.08833,0.02943,0.03878,34.066,1.034,0.498,0.982,0.081,0.11,4.259192727272727
CTRA,Energy,20139264000,12.217592,11.32618,1.3699127,3.618,0.118549995,0.06279,0.24691999,0.28043,27.957,1.025,0.887,0.321,0.349,0.235,0.48196510638297874
CRWD,Technology,129630871552,,120.97189,39.04089,28.911,-0.089209996,-0.02053,-0.06841,-0.06381,21.36,1.88,1.686,1.086,0.213,,
CCI,Real Estate,38444085248,,32.940296,-25.72261,10.586,-2.06679,0.03974,-0.71931,0.49254,,0.259,0.095,0.961,-0.043,0.066,4.990953939393939
CSX,Industrials,65193766912,22.707794,17.226603,5.105855,5.97,0.22589001,0.07007,0.20548001,0.35071,155.283,0.847,0.67,1.298,-0.009,-0.196,-0.8789083163265305
CMI,Industrials,69225185280,25.971,22.269094,5.738183,2.244,0.22767,0.079050004,0.079450004,0.12132,62.949,1.769,0.931,1.116,-0.016,-0.341,-0.6530526099706744
CVS,Healthcare,98533351424,204.26317,11.978395,1.3516997,0.432,0.0057800002,0.02498,0.0011999999,0.022650002,111.821,0.832,0.594,0.482,0.078,,
DHR,Healthcare,162250129408,46.71959,27.03938,3.1336782,7.281,0.06843,0.040570002,0.14435,0.2075,35.544,1.519,0.835,0.928,0.044,0.134,2.017864179104478
DRI,Consumer Cyclical,20362133504,18.718113,16.537878,9.133891,2.277,0.50411,0.07475,0.08898,0.09879,361.727,0.397,0.13,0.656,0.104,0.261,0.6336351724137931
DDOG,Technology,54872956928,504.77417,77.08374,15.949444,16.195,0.03519,-0.00503,0.033239998,-0.00656,37.199,3.663,3.551,1.233,0.284,-0.337,-2.287351335311573
DVA,Healthcare,8521370112,12.299278,10.574978,-14.792106,1.68,0.61618,0.07007,0.05796,0.14832,953.093,1.363,1.234,0.994,0.048,-0.184,-0.5747270652173914
DAY,Technology,11060016128,,31.271492,4.103432,6.158,-0.05706,-0.00205,-0.07912,-0.25831,45.53,1.043,0.18,1.201,0.095,,
DECK,Consumer Cyclical,13613469696,13.635958,14.429244,5.4366117,2.348,0.43312,0.21533,0.19364001,0.2282,14.22,3.067,2.024,1.193,0.091,0.144,1.0020308333333334
DE,Industrials,126825037824,25.386906,21.16148,4.8867755,4.033,0.20427999,0.038110003,0.110039994,0.11861,245.842,2.222,2.006,1.008,0.131,-0.137,-1.5446335766423358
DELL,Technology,91409121280,17.771242,14.462767,-35.02963,1.086,,0.05835,0.05005,0.07847,,0.853,0.549,1.091,0.108,0.443,0.326473295711061
DAL,Industrials,42533994496,9.187588,9.279202,2.2448137,0.962,0.28514,0.04749,0.07357,0.0992,117.299,0.398,0.262,1.387,0.064,0.102,0.9097256862745099
DVN,Energy,23652646912,8.787736,8.3542595,1.5267988,1.86,0.18586999,0.08022001,0.16424999,0.24194999,56.274,0.957,0.758,0.684,0.071,-0.162,-0.5156950308641975
DXCM,Healthcare,25274404864,35.805553,31.748768,9.220315,5.401,0.30635,0.07017,0.15958999,0.20053,94.479,1.565,1.346,1.524,0.216,1.099,0.2888877888989991
FANG,Energy,45154041856,10.953651,10.654371,1.1447737,4.605,0.10901,0.051009998,0.28689,0.36628,35.66,0.623,0.431,0.616,0.42,0.1,1.0654371
DLR,Real Estate,54728761344,40.439278,129.33884,2.408174,12.487,0.05825,0.010650001,0.23959999,0.13333,79.248,1.304,1.275,1.118,0.111,0.603,2.14492271973466
DG,Consumer Defensive,24218265600,20.375925,17.68971,3.0227191,0.96,0.15597999,0.03971,0.0286,0.0555,213.026,1.253,0.204,0.287,0.051,0.094,1.8818840425531915
DLTR,Consumer Defensive,22745757696,21.122093,17.985147,6.1866374,1.558,0.20055,0.0529,-0.15799,0.04879,203.675,1.036,0.191,0.764,0.123,0.479,0.37547279749478085
D,Utilities,51533664256,19.722221,17.855028,1.9302734,6.611,0.09204,0.029790001,0.16790001,0.34504002,154.315,0.845,0.361,0.687,0.149,0.062,2.8798432258064515
DPZ,Consumer Cyclical,14416069632,24.818235,24.072563,-3.7618713,4.219,,0.33951,0.12159,0.18064,,1.609,0.773,1.151,0.031,0.301,0.7997529235880398
DASH,Consumer Cyclical,93518061568,110.14213,121.89887,9.847061,7.325,0.100430004,0.0312,0.0683,0.08009,34.255,2.045,1.032,1.696,0.273,0.459,2.6557488017429196
DOV,Industrials,25713483776,24.379713,19.923485,3.355587,3.437,0.15883,0.069,0.28370002,0.1869,40.076,2.042,1.362,1.312,0.048,-0.126,-1.5812289682539682
DOW,Basic Materials,16958909440,,7.672026,0.96681386,0.806,-0.05287,0.00723,-0.02769,0.01905,102.943,1.944,1.009,0.786,-0.083,-0.733,-0.10466611186903138
DHI,Consumer Cyclical,47240654848,13.6957655,9.947269,1.9289575,1.457,0.14321,0.08158,0.10468,0.124680005,24.514,6.421,0.642,1.386,-0.032,-0.222,-0.4480751801801802
DTE,Utilities,27320700928,19.72264,18.245493,2.247143,3.548,0.11658,0.02826,0.093439996,0.18968001,207.975,1.152,0.495,0.468,0.214,-0.124,-1.4714107258064515
DUK,Utilities,93078274048,18.819181,18.87855,1.8443354,5.896,0.09905,0.02854,0.15972,0.27125,170.344,0.629,0.243,0.477,0.048,0.127,1.4865000000000002
DD,Basic Materials,16557904896,22.843931,9.002278,0.72305465,1.893,0.03217,0.03462,-0.060110003,0.17773001,39.673,2.002,0.838,1.09,0.073,,
EMN,Basic Materials,7003629056,10.181971,7.010345,1.2050027,1.302,0.12116,0.049099997,0.07746,0.09673,89.235,1.756,0.818,1.253,-0.106,-0.739,-0.0948625845737483
ETN,Industrials,129679720448,33.344345,27.643982,6.8662653,5.261,0.20653,0.080290005,0.14741,0.19791001,59.661,1.28,0.708,1.159,0.101,0.024,11.518325833333334
EBAY,Consumer Cyclical,37889871872,18.383593,15.883143,7.9767175,3.848,0.42430001,0.0785,0.20366,0.21418,151.155,0.925,0.841,1.343,0.095,0.054,2.9413227777777777
ECL,Basic Materials,76831154176,38.92098,36.118668,11.5478735,5.23,0.21869,0.07754,0.12489,0.14715,103.915,1.697,1.259,0.989,0.178,,
EIX,Utilities,21986734080,7.4888597,10.024562,1.4175847,3.587,0.15765001,0.03238,0.16315001,0.32557,204.02,0.82,0.404,0.838,0.106,0.636,0.15761889937106918
EW,Healthcare,49733242880,37.153507,34.57551,4.820189,7.831,0.13492,0.07715,0.23249,0.27371,6.862,4.004,2.982,0.973,0.147,-0.903,-0.38289601328903655
EA,Communication Services,50831568896,59.253643,23.826496,8.446162,7.084,0.13201,0.06273,0.121429995,0.10875,36.65,0.838,0.721,0.757,-0.092,-0.514,-0.46355050583657587
ELV,Healthcare,74516004864,13.479431,9.468384,1.6717017,0.357,0.12569,0.04242,0.028399998,0.034649998,72.823,1.56,1.433,0.532,0.123,0.22,0.43038109090909094
EMR,Industrials,74199547904,32.714638,20.860758,3.6583607,4.79,0.09363,0.052389998,0.12728,0.20721,67.785,0.876,0.603,1.25,0.051,-0.353,-0.5909563172804533
ENPH,Technology,3810635008,19.945206,7.956284,3.8295634,2.358,0.20305,0.03931,0.12932,0.16433,123.979,2.042,1.518,1.419,0.078,0.517,0.1538933075435203
ETR,Utilities,41520115712,22.899015,12.011628,2.4919589,5.559,0.11188,0.03134,0.1421,0.30055,179.362,0.713,0.423,0.617,0.125,0.02,6.005814
EOG,Energy,59546038272,10.830189,9.860759,1.9582353,2.815,0.18476999,0.09086,0.24410999,0.33223,26.835,1.624,1.29,0.505,-0.024,-0.085,-1.160089294117647
EPAM,Technology,10748947456,29.509176,17.24665,2.8596196,1.808,0.10207,0.07743,0.070149995,0.10682,4.165,3.022,2.852,1.767,0.194,-0.194,-0.8890025773195874
EQT,Energy,36570324992,19.087948,23.253967,1.5796,6.251,0.08488,0.040939998,0.23097,0.34897,30.675,0.578,0.474,0.632,0.514,,
EFX,Industrials,25707595776,39.371696,22.175346,5.180358,5.098,0.13066,0.05905,0.1108,0.19950001,94.824,0.738,0.607,1.587,0.072,0.142,1.5616440845070425
EQIX,Real Estate,71418593280,66.670944,54.363228,5.0448036,9.954,0.077,0.03196,0.118,0.21851999,147.969,1.34,1.069,1.027,0.066,0.229,2.373940087336244
EQR,Real Estate,24392966144,20.388159,36.674553,2.1310687,10.597,0.10444,0.02558,0.37583,0.28955,76.237,0.165,0.085,0.763,0.046,1.009,0.3634742616451933
ERIE,Financial Services,15475186688,23.866938,22.085823,6.7025256,3.695,0.30444,0.15170999,0.16038,0.20115,2.353,1.669,1.551,0.386,0.067,0.144,1.5337377083333337
ESS,Real Estate,18008223744,19.842466,43.310635,2.9819186,12.333,0.15987,0.030580001,0.44167,0.33777002,115.144,0.457,0.125,0.733,0.062,0.389,1.1133839331619537
EL,Consumer Defensive,35906293760,,36.9037,9.230199,2.984,-0.20727,0.03847,-0.064380005,0.072680004,242.211,1.321,0.807,1.174,0.036,,
EG,Financial Services,13105968128,23.247206,4.6970057,0.8528673,0.637,0.03595,0.00746,0.031229999,0.07728,23.337,0.408,0.287,0.379,-0.009,-0.484,-0.09704557231404959
EVRG,Utilities,17157860352,20.419178,18.448019,1.667487,5.425,0.08454,0.02866,0.1445,0.36201,142.45,0.516,0.105,0.635,-0.001,0.005,36.896038
ES,Utilities,24878792704,18.31768,13.872384,1.5518007,4.153,0.0861,0.03173,0.102189995,0.22489001,184.357,0.715,0.306,0.759,0.051,,
EXC,Utilities,45449424896,16.129032,17.110266,1.6171345,3.86,0.10308,0.02853,0.116009995,0.22177,177.601,0.939,0.608,0.553,0.09,0.229,0.7471731877729256
EXE,Energy,28037337088,37.852093,27.764153,1.5446388,3.015,0.061189998,0.050669998,0.08043,0.29054,27.95,0.81,0.593,0.452,3.193,,
EXPE,Consumer Cyclical,32623800320,25.380173,18.36351,24.266129,2.358,0.53886,0.05079,0.096590005,0.25566998,250.289,0.744,0.619,1.457,0.087,0.454,0.4044825991189428
EXPD,Industrials,19880048640,23.856678,27.226765,8.608368,1.702,0.36505002,0.13853,0.07571,0.0995,24.549,1.794,1.58,1.162,-0.035,0.006,45.37794166666667
EXR,Real Estate,29366626304,29.646534,27.723848,2.0654938,12.435,0.06786,0.033469997,0.27735,0.46325,94.252,1.46,0.192,1.27,0.034,-0.142,-1.952383661971831
XOM,Energy,491893424128,16.770348,14.660737,1.8674133,1.601,0.11424,0.05108,0.091809995,0.11057,15.672,1.137,0.759,0.378,-0.051,-0.083,-1.7663538554216864
FFIV,Technology,13855535104,20.196444,15.488313,3.830416,4.136,0.20602,0.08291,0.22421,0.27135,7.288,1.562,1.4,0.988,0.085,0.164,0.9444093292682926
FDS,Financial Services,10413219840,17.884317,14.897216,4.791487,5.008,0.29132,0.111899994,0.25715,0.29707,71.282,1.4,1.2,0.748,0.062,0.728,0.20463208791208792
FICO,Technology,42695540736,67.12113,47.85338,-24.212324,22.668,,0.32619,0.32747,0.48099998,,0.83,0.781,1.296,0.136,0.179,2.6733731843575423
FAST,Industrials,46461005824,38.17925,18.479452,11.931015,5.838,0.32742,0.205,0.15336001,0.20696,13.283,4.259,1.964,0.882,0.117,0.115,1.6069088695652172
FRT,Real Estate,8471605760,24.771572,31.79153,2.7562058,10.757,0.10516,0.03276,0.27586,0.34465,138.76,0.369,0.352,1.02,0.06,-0.011,-28.901390909090914
FDX,Industrials,63795273728,15.848183,11.884396,2.2976186,,0.15004,0.048839998,0.046529997,0.0764,,1.246,1.144,1.341,0.139,-0.133,-0.8935636090225564
FIS,Technology,34894893056,208.75002,11.698774,2.5015917,4.5,0.011829999,0.04289,0.0146200005,0.2385,94.272,0.532,0.394,0.935,0.057,0.22,0.5317624545454546
FITB,Financial Services,28907489280,13.053732,11.980822,1.4947872,5.62,0.115109995,0.01129,0.29674,0.39780998,,,,1.011,0.067,0.167,0.7174144910179641
FSLR,Technology,28174825472,20.165897,12.586768,3.1252306,5.351,0.16864,0.0756,0.27728,0.29225,9.893,1.91,1.382,1.59,0.797,0.457,0.2754216192560175
FE,Utilities,26376208384,19.852175,15.799307,2.0609343,3.769,0.11192001,0.03247,0.09312,0.21263,193.669,0.747,0.58,0.652,0.112,0.045,3.5109571111111113
FI,Technology,34314950656,9.860897,7.6310306,1.3638307,3.005,0.1354,0.04773,0.17046,0.25385,120.581,1.08,0.237,0.794,0.009,0.49,0.15573531836734694
F,Consumer Cyclical,51639103488,11.076923,7.4057145,1.089625,0.967,0.10295,0.00833,0.024820002,0.03146,346.673,1.121,0.94,1.612,0.094,1.727,0.0428819600463231
FTNT,Technology,63554109440,34.131687,34.414936,83.77778,9.099,2.28043,0.13884,0.28584,0.31648,148.116,1.027,0.897,1.094,0.144,-0.114,-3.018854035087719
FTV,Technology,17979193344,20.92126,12.743405,2.5949798,3.172,0.103649996,0.04829,0.09621,0.15539,52.244,0.701,0.492,1.05,0.023,-0.742,-0.17174400269541779
FOXA,Communication Services,29411205120,14.887641,17.761395,2.413567,1.984,0.17272,0.087299995,0.12353,0.26323998,60.136,3.238,2.917,0.512,0.049,-0.258,-0.6884261627906977
FOX,Communication Services,27887448064,13.307866,25.2,2.1574557,1.794,0.17272,0.087299995,0.12353,0.26323998,60.136,3.238,2.917,0.512,0.049,-0.258,-0.9767441860465116
BEN,Financial Services,11680160768,24.637362,8.623077,0.96704626,1.604,0.03818,0.022550002,0.05985,0.17558001,23.699,4.097,1.091,1.496,0.06,,
FCX,Basic Materials,61701939200,30.048952,19.893518,3.3000538,3.015,0.14538999,0.07699,0.07969,0.28055,30.589,2.455,1.046,1.487,0.027,0.278,0.7155941726618704
GRMN,Technology,37955956736,24.343208,26.431635,4.4743466,5.125,0.19655001,0.11185,0.22625999,0.25795,2.342,3.316,2.004,1.006,0.117,0.005,52.86327
IT,Technology,17314715648,19.966812,17.332829,29.951527,2.771,1.0925701,0.096920006,0.1371,0.15773,512.089,0.878,0.747,1.075,0.027,-0.912,-0.1900529495614035
GE,Industrials,306806325248,38.627506,55.213745,16.222946,7.149,0.42131,0.049289998,0.18344,0.20598,115.246,1.077,0.717,1.401,0.238,0.193,2.8608158031088085
GEHC,Healthcare,36625408000,16.608696,17.17773,3.656669,2.149,0.24450001,0.05455,0.10945,0.14213,105.127,1.181,0.853,1.273,0.058,-0.041,-4.189690243902438
GEV,Industrials,163764486144,97.9772,87.18551,18.87843,4.19,0.16723,0.024260001,0.045229997,0.05738,11.101,1.029,0.65,,0.118,,
GEN,Technology,16188797952,28.846153,10.714286,6.5921645,5.426,0.25027,0.06864,0.12743,0.36475,356.98,0.505,0.391,1.111,0.253,-0.192,-0.5580357291666667
GNRC,Industrials,9114221568,29.695984,18.917173,3.4475029,2.368,0.11969,0.057550002,0.06921,0.0925,56.133,2.183,0.855,1.811,-0.05,-0.407,-0.4647954054054054
GD,Industrials,90706444288,21.791044,20.883083,3.706729,1.901,0.17782,0.05796,0.081829995,0.10459,40.419,1.4,0.783,0.403,0.106,0.158,1.3217141139240505
GIS,Consumer Defensive,24558120960,8.68242,9.772341,2.583385,1.982,0.30866,0.06216,0.15241,0.15602,151.352,0.658,0.346,-0.074,-0.068,1.155,0.084609012987013
GM,Consumer Cyclical,70130057216,14.057253,6.96878,1.0354232,0.974,0.04442,0.02014,0.01625,0.056739997,195.437,1.229,0.979,1.311,-0.003,-0.496,-0.14049959677419355
GPC,Consumer Cyclical,17938298880,22.156357,15.22432,3.747566,0.994,0.16994,0.04434,0.0336,0.0643,133.159,1.137,0.443,0.748,0.049,0.0,
GILD,Healthcare,153748389888,19.181114,16.676987,7.1446695,5.848,0.40706003,0.12571,0.27882,0.45231,116.243,1.453,1.105,0.334,0.03,1.43,0.11662228671328671
GPN,Industrials,19090753536,11.94082,6.1476564,0.8213816,3.287,0.07233,0.0325,0.17365,0.3184,69.198,0.855,0.413,0.824,0.005,1.131,0.05435593633952255
GL,Financial Services,10623612928,9.517416,9.6789665,1.8513552,2.225,0.22277,0.033069998,0.19363001,0.34092999,55.217,0.695,0.552,0.481,0.04,0.375,0.25810577333333334
GDDY,Technology,17764392960,22.122412,19.122206,189.24779,4.154,3.69454,0.08575,0.17013,0.23884001,4217.211,0.569,0.359,0.943,0.103,0.144,1.3279309722222223
GS,Financial Services,246781263872,16.55585,19.615255,2.3424296,-0.138,0.13532,0.009430001,0.29073998,0.37203997,586.142,1.657,1.49,1.35,0.207,0.458,0.42828067685589516
HAL,Energy,22943522816,17.821192,8.28,2.2234156,1.321,0.12788,0.0761,0.05913,0.12857,83.613,1.955,1.207,0.816,-0.017,-0.969,-0.08544891640866874
HIG,Financial Services,37986291712,11.046608,11.636521,2.0853593,1.36,0.20069,0.03482,0.12745,0.18916,23.675,1.796,1.056,0.637,0.07,0.473,0.24601524312896408
HAS,Consumer Cyclical,11458518016,,18.431152,28.194061,3.262,-0.62839,0.08862001,-0.12814,0.24584,771.392,1.705,1.235,0.549,0.083,0.031,5.945532903225806
HCA,Healthcare,117069291520,19.339388,20.379227,-21.554865,2.186,,0.12198,0.0853,0.15474,,0.854,0.644,1.376,0.096,0.426,0.47838561032863847
DOC,Real Estate,12536895488,,72.16,1.6502013,8.05,-0.00115,0.01588,-0.01359,0.18601999,114.248,3.653,1.474,1.098,0.008,,
HSIC,Healthcare,8691306496,22.608831,13.782693,2.5283098,1.027,0.08347999,0.042329997,0.03022,0.0614,70.224,1.396,0.597,0.905,0.052,0.077,1.7899601298701298
HSY,Consumer Defensive,37063036928,27.319881,21.758335,8.119503,3.624,0.31013,0.09329,0.118360005,0.13542,125.764,1.363,0.66,0.187,0.065,-0.382,-0.5695899214659685
HPE,Technology,28922347520,25.788235,10.438096,1.1846727,1.476,0.05356,0.02041,0.03773,0.05495,96.967,0.951,0.512,1.338,0.185,-0.452,-0.2309313274336283
HLT,Consumer Cyclical,66131779584,40.809868,35.19149,-13.286396,15.748,,0.09635,0.34188998,0.60327,,0.664,0.577,1.166,0.035,0.29,1.213499655172414
HOLX,Healthcare,16677769216,30.048193,15.851696,3.2987964,4.17,0.11116,0.07299,0.13796,0.32736,52.037,3.754,2.872,0.705,0.062,0.111,1.428080720720721
HD,Consumer Cyclical,352440942592,24.149385,22.694231,29.073664,2.508,1.62909,0.13226,0.087740004,0.12945,544.586,1.051,0.246,1.046,0.028,-0.014,-16.210164999999996
HON,Industrials,130157928448,20.374474,17.543142,7.3071537,3.65,0.34616002,0.066589996,0.1507,0.18505,215.247,1.358,0.985,0.945,0.07,0.324,0.541455
HRL,Consumer Defensive,12699464704,16.854015,13.662722,1.571069,1.239,0.09442,0.048410002,0.06257,0.08015,35.301,2.469,1.074,0.333,0.046,0.031,4.407329677419355
HST,Real Estate,12210985984,16.537737,18.072165,1.8098288,2.909,0.109239995,0.039189998,0.12403,0.073520005,82.827,1.021,0.97,1.209,0.009,0.966,0.18708245341614907
HWM,Industrials,78994644992,55.284508,61.911667,15.545346,10.239,0.30064,0.112840004,0.18181999,0.25658,65.176,2.353,0.962,1.319,0.138,0.173,3.578709075144509
HPQ,Technology,23622713344,9.490565,6.986111,-68.15718,0.535,,0.05546,0.045739997,0.0735,,0.767,0.321,1.221,0.042,-0.104,-0.6717414423076923
HUBB,Industrials,22718318592,26.73421,24.124155,6.1713037,4.256,0.24991,0.09993,0.15123,0.22591,58.21,1.358,0.774,0.996,0.041,0.141,1.7109329787234044
HUM,Healthcare,29101273088,22.63424,14.368172,1.5711689,0.158,0.07159,0.045760002,0.01022,0.02043,69.686,2.024,1.533,0.455,0.111,-0.593,-0.24229632377740304
HBAN,Financial Services,26078740480,11.58042,12.358209,1.2383159,4.177,0.10434,0.01091,0.29619,0.38561,,,,0.981,0.148,0.242,0.5106697933884298
HII,Industrials,12054968320,21.186207,19.591837,2.4187071,1.221,0.12387,0.039330002,0.04737,0.06172,58.708,1.139,1.03,0.367,0.161,0.439,0.44628330296127566
IBM,Technology,282084409344,35.96901,28.44298,10.108867,5.105,0.30156,0.0635,0.120900005,0.1717,237.831,0.932,0.775,0.688,0.091,,
IEX,Industrials,13182804992,27.705696,20.551643,3.2738152,4.221,0.12197,0.063990004,0.13974,0.21418,48.121,2.934,1.94,1.002,0.101,0.083,2.47610156626506
IDXX,Healthcare,58621837312,58.15317,61.26505,37.547016,14.257,0.64633006,0.24065,0.24654,0.32106,71.29,1.18,0.737,1.687,0.133,0.214,2.862852803738318
ITW,Industrials,72402771968,24.091173,23.213085,22.461567,5.041,0.91683,0.16416,0.19052,0.27667,278.654,1.53,1.011,1.153,0.023,-0.281,-0.826088434163701
INCY,Healthcare,19914975232,17.19322,16.521173,4.2774615,3.538,0.30389,0.13537,0.24695,0.31633,0.887,3.195,2.858,0.826,0.2,2.907,0.05683238046095632
IR,Industrials,31470290944,58.65185,22.367231,3.0905542,4.694,0.05382,0.05091,0.07309,0.20476,47.62,2.162,1.362,1.331,0.051,0.13,1.7205562307692308
PODD,Healthcare,21751293952,90.08746,79.84496,15.704411,8.746,0.19679001,0.08741,0.097629994,0.16664,77.711,2.871,1.883,1.379,0.299,0.148,5.39492972972973
INTC,Technology,207351906304,724.50006,44.814434,1.9475807,4.366,0.0018600001,-0.00463,0.0037099998,0.06284,39.881,1.602,1.057,1.346,0.028,,
ICE,Financial Services,88931655680,28.350365,23.050446,3.0915568,11.006,0.114930004,0.02189,0.32431,0.49067003,67.954,1.012,0.027,1.059,0.026,0.246,0.93701
IFF,Basic Materials,17565917184,,14.867679,1.2335325,2.136,-0.03232,0.01752,-0.042630002,0.091309994,46.872,1.444,0.67,1.053,-0.079,-0.31,-0.4796025483870968
IP,Consumer Cyclical,19986249728,,12.616666,1.1538227,1.218,-0.042779997,0.008590001,-0.05256,-0.03375,61.477,1.313,0.657,1.058,0.564,,
IPG,Communication Services,8999164928,16.828766,8.9345455,2.4411328,1.327,0.14948,0.05382,0.06245,0.16834,111.662,1.076,0.978,1.011,-0.048,5.8,0.015404388793103449
INTU,Technology,176959389696,43.655907,28.593344,9.16197,,0.21987,0.09776,0.21191,0.15697,,1.386,0.573,1.262,0.41,-0.185,-1.545586162162162
ISRG,Healthcare,203514281984,75.194695,72.229004,11.901138,20.439,0.16902,0.09561,0.28577998,0.30326,,4.728,3.49,1.692,0.229,0.25,2.8891601600000003
IVZ,Financial Services,10810162176,16.489796,12.825397,0.9812574,2.427,0.06904,0.024430001,0.16691,0.16514,10.983,0.617,0.617,1.643,0.082,4.5,0.028500882222222225
INVH,Real Estate,17103275008,29.368422,37.7027,1.7768438,9.388,0.06,0.02407,0.21805,0.27131,85.691,1.544,0.581,0.834,0.065,0.467,0.807338329764454
IQV,Healthcare,38424788992,31.035765,18.693457,6.23787,3.258,0.19374001,0.05071,0.08067001,0.13976,242.366,0.703,0.621,1.375,0.052,0.245,0.7629982448979591
IRM,Real Estate,24465942528,153.27777,42.229588,-27.728643,6.528,,0.04231,0.02398,0.20792,,0.659,0.549,1.132,0.126,,
JBHT,Industrials,17978529792,32.133217,25.867687,4.9512153,1.621,0.15126,0.062800005,0.04753,0.07948,53.131,0.867,0.664,1.28,-0.005,0.181,1.4291539779005527
JBL,Technology,22756960256,35.819256,21.183817,15.06358,0.82,0.40381,0.050359998,0.022049999,0.05841,246.012,1.0,0.515,1.257,0.185,0.692,0.3061245231213873
JKHY,Technology,12547826688,26.24316,27.322783,5.763877,5.18,0.2345,0.12581,0.19865,0.28549,3.17,1.494,0.874,0.749,0.073,0.209,1.30731019138756
J,Industrials,16139814912,52.333336,20.30376,4.4161706,1.541,0.06523,0.05646,0.02405,0.105170004,58.069,1.301,1.261,0.777,,-0.634,-0.3202485804416404
JNJ,Healthcare,494917386240,19.847342,19.379244,6.2348623,5.666,0.33619,0.08264,0.27259,0.30200002,57.766,1.074,0.711,0.358,0.068,0.91,0.21295872527472529
JCI,Industrials,75437555712,43.8327,27.513126,5.449818,3.445,0.11374,0.04607,0.13947,0.15306,86.383,0.929,0.659,1.418,0.031,1.813,0.15175469387755103
JPM,Financial Services,846594244608,15.241584,18.391876,2.4638877,3.559,0.16437,0.01323,0.347,0.43708,,,,1.076,0.088,0.16,1.14949225
K,Consumer Defensive,28923639808,22.713114,69.274994,6.8816223,2.763,0.32112,0.076409996,0.10079,0.15031,145.099,0.678,0.382,0.251,0.008,-0.162,-4.276234197530865
KVUE,Consumer Defensive,32355520512,22.480001,13.819673,3.0372906,2.684,0.13469,0.06858,0.0955,0.19288,85.659,0.98,0.577,0.658,-0.035,0.038,3.636756052631579
KDP,Consumer Defensive,38216941568,24.25,13.7219515,1.5091202,3.483,0.06291,0.041490003,0.09781,0.23107,73.567,0.625,0.298,0.362,0.107,0.083,1.6532471686746986
KEY,Financial Services,20044310528,22.567902,11.71795,1.1557916,5.433,0.058179997,0.0057,0.18115999,0.33839,,,,1.106,2.026,,
KEYS,Technology,34611847168,40.199596,28.895266,5.866931,6.583,0.15826,0.05325,0.1574,0.15292,47.269,2.35,1.52,1.203,0.103,,
KMB,Consumer Defensive,35492257792,18.096447,14.017037,26.644245,2.147,1.3688201,0.11332,0.09983,0.16699,500.068,0.773,0.366,0.252,0.001,-0.502,-0.27922384462151395
KIM,Real Estate,13747060736,24.45783,29.0,1.3109461,10.429,0.056700002,0.02202,0.28243,0.34331,78.195,1.587,1.583,1.064,0.056,0.002,145.0
KMI,Energy,59734814720,22.008196,21.309525,1.9432583,5.706,0.08884,0.03926,0.16612,0.25639,102.138,0.631,0.395,0.671,0.121,0.003,71.03175
KKR,Financial Services,113592107008,51.546215,20.210873,4.0176845,7.529,0.07672,0.01387,0.10564,0.30958,74.351,1.703,1.654,1.999,0.132,0.406,0.49780475369458127
KLAC,Technology,156686155776,37.311382,36.254112,31.390583,12.595,0.99167997,0.20436001,0.33828998,0.41661,122.127,2.692,1.749,1.433,0.13,0.208,1.7429861538461537
KHC,Consumer Defensive,29544042496,,8.130293,0.71297985,1.897,-0.09693,0.03711,-0.1735,0.17637,50.968,1.127,0.608,0.076,-0.023,,
KR,Consumer Defensive,44419317760,17.01269,14.635371,5.432809,0.479,0.25049,0.05533,0.018550001,0.028900001,271.402,0.946,0.425,0.581,0.001,0.422,0.3468097393364929
LHX,Industrials,51258363904,29.49085,19.038916,2.6253402,2.886,0.091309994,0.04279,0.08091,0.12882,60.629,1.144,0.878,0.652,0.069,0.171,1.1133869005847952
LH,Healthcare,22098782208,26.097155,16.599874,2.537936,2.038,0.10135999,0.046269998,0.062129997,0.11314999,75.557,1.551,1.089,0.966,0.086,0.56,0.2964263214285714
LRCX,Technology,199482703872,34.997787,37.04684,19.541693,10.029,0.62261003,0.19507,0.29657,0.34354,43.991,2.207,1.539,1.779,0.277,0.443,0.8362717832957112
LW,Consumer Defensive,8228896256,28.389423,11.8574295,4.5971193,1.877,0.16219,0.070539996,0.04555,0.11378,223.019,1.489,0.693,0.426,0.003,-0.477,-0.248583427672956
LVS,Consumer Cyclical,47028940800,30.860361,24.912727,29.568409,4.818,0.65651,0.08146,0.12687999,0.23627001,847.509,0.889,0.835,0.982,0.242,0.619,0.4024673182552504
LDOS,Technology,24000583680,17.45056,17.901436,4.872249,1.628,0.2929,0.09491,0.08106,0.11971,105.551,1.624,1.321,0.589,0.067,0.052,3.442583846153846
LEN,Consumer Cyclical,32039538688,12.83185,8.037794,1.4658095,0.905,0.10774,0.05899,0.07721,0.07971,24.892,12.742,4.683,1.407,-0.064,-0.462,-0.17397822510822508
LII,Industrials,17115710464,20.578125,20.860018,15.971485,3.443,0.92253995,0.19301,0.15741,0.21340999,128.035,1.68,0.724,1.158,-0.048,0.045,4.635559555555556
LLY,Healthcare,937801351168,51.28039,46.16593,39.38705,16.314,0.9647,0.17603001,0.30986,0.48294,178.516,1.546,0.724,0.389,0.539,4.804,0.09609893838467944
LIN,Basic Materials,191685525504,27.398794,24.117403,4.943107,6.38,0.17979999,0.06989,0.21170999,0.2794,64.673,0.823,0.622,0.857,0.031,0.27,0.8932371481481481
LYV,Communication Services,29848174592,93.14492,53.1157,56.725502,1.382,0.5636,0.04586,0.03659,0.09149,473.811,0.921,0.762,1.21,0.111,-0.561,-0.9468039215686272
LKQ,Consumer Cyclical,7507815424,10.807407,8.060774,1.1410918,0.902,0.10882,0.049089998,0.049439996,0.08231,83.675,1.596,0.471,0.89,0.013,-0.038,-2.121256315789474
LMT,Industrials,103149535232,24.627647,15.717538,16.440426,1.649,0.62776,0.06391,0.05726,0.11693,358.987,1.129,0.926,0.234,0.088,0.022,7.144335454545455
L,Financial Services,22051500032,15.407246,36.65862,1.2027514,1.419,0.08182,0.01704,0.07949,0.16677,49.123,0.493,0.493,0.623,0.046,0.334,1.0975634730538921
LOW,Consumer Cyclical,136406573056,20.113316,19.253365,-13.140062,2.137,,0.13182001,0.08045,0.1192,,1.04,0.116,0.957,0.032,-0.037,-5.2036121621621625
LULU,Consumer Cyclical,21860730880,12.450512,12.217012,4.9451,2.039,0.42422,0.21861,0.16377,0.20743,40.178,2.266,0.832,1.021,0.065,-0.016,-7.6356325
LYB,Basic Materials,15379089408,,5.549361,1.4508244,0.715,-0.10584,0.021960001,-0.03198,0.06044,124.319,1.57,0.705,0.75,-0.102,,
MTB,Financial Services,29844310016,11.788888,11.730957,1.1205444,3.102,0.09628,0.01311,0.3054,0.43886003,,,,0.607,0.08,0.199,0.5894953266331657
MPC,Energy,58584715264,20.5,18.892157,3.392546,0.721,0.18887,0.03866,0.02158,0.049689997,143.175,1.315,0.702,0.714,-0.008,1.412,0.13379714589235128
MKTX,Financial Services,6006599680,27.340134,19.533415,4.3325696,6.53,0.15823,0.113649994,0.26157,0.40982,4.81,7.35,6.181,0.997,0.01,-0.032,-6.1041921875
MAR,Consumer Cyclical,82699624448,32.17001,28.740564,-26.312834,14.251,,0.09641,0.37984002,0.65933996,,0.467,0.43,1.171,0.056,0.29,0.9910539310344828
MMC,Financial Services,90144186368,21.985611,19.444326,5.929375,4.119,0.28734,0.078779995,0.15601,0.19240999,139.501,1.123,0.52,0.754,0.115,0.0,
MLM,Basic Materials,36666138624,31.243063,29.174183,3.7664163,6.159,0.12523,0.060399998,0.16688,0.27898002,60.618,2.966,0.902,1.161,0.124,0.157,1.8582282165605095
MAS,Industrials,13455800320,16.43734,14.540723,-170.93085,2.134,5.6387095,0.15332,0.10885999,0.15806,1888.69,1.878,1.104,1.273,-0.033,0.169,0.8603978106508875
MA,Financial Services,493509083136,34.971813,33.32784,62.169453,15.841,1.8486099,0.23048,0.45275003,0.598,239.715,1.122,0.72,0.868,0.167,0.229,1.455364192139738
MTCH,Communication Services,8108966400,15.7476635,13.58871,-35.96585,3.181,,0.13065,0.16202,0.30826,,1.41,1.293,1.356,0.021,0.233,0.5832064377682403
MKC,Consumer Defensive,17562503168,22.722221,20.974361,3.0528083,3.22,0.1385,0.05155,0.11462,0.17091,75.356,0.713,0.245,0.627,0.027,0.011,19.06760090909091
MCD,Consumer Cyclical,214595125248,25.63683,23.84774,-99.01877,10.188,,0.12968999,0.3204,0.46905997,,1.0,0.821,0.525,0.03,0.016,14.904837500000001
MCK,Healthcare,103201734656,25.903841,22.54007,-59.162865,0.283,,0.04784,0.01042,0.013739999,,0.88,0.475,0.388,0.101,3.77,0.05978798408488064
MDT,Healthcare,130865315840,27.650406,17.441025,2.6884665,4.367,0.09822,0.04685,0.13706,0.20299,59.563,2.415,1.481,0.739,0.066,0.081,2.153212962962963
MRK,Healthcare,252351037440,13.363756,10.747872,4.846726,4.265,0.39485002,0.13755,0.29632,0.40802,79.708,1.661,1.09,0.319,0.037,0.87,0.12353875862068965
META,Communication Services,1631033360384,28.658104,25.577074,8.406079,8.644,0.32643002,0.18013,0.30892,0.40075,26.311,1.978,1.671,1.272,0.262,-0.826,-0.3096498062953995
MET,Financial Services,50721533952,14.363464,7.8710012,1.7410856,0.962,0.12798001,0.0043599997,0.053400002,0.0701,163.999,1.891,1.626,0.752,-0.059,-0.326,-0.241441754601227
MTD,Healthcare,29810108416,36.097782,33.970894,-118.629395,8.051,,0.20481001,0.21202,0.28497,,1.075,0.634,1.405,0.079,0.061,5.568999016393443
MGM,Consumer Cyclical,9665717248,176.7,15.365218,3.595117,2.293,0.10293,0.02027,0.00403,0.051620003,913.283,1.235,1.08,1.491,0.016,,
MCHP,Technology,30648739840,,21.811539,4.577448,8.505,-0.02854,0.0064499998,-0.04394,0.08347999,80.841,2.252,0.942,1.451,-0.02,-0.816,-0.26729827205882356
MU,Technology,269510017024,31.55336,18.608393,4.9609528,7.327,0.17198999,0.08055,0.22845,0.32638,28.343,2.518,1.709,1.552,0.46,2.569,0.07243438302841573
MSFT,Technology,3642251542528,34.85064,32.77592,10.03276,12.458,0.32241002,0.14656,0.35707,0.48873,33.154,1.401,1.254,1.065,0.184,0.127,2.580781102362205
MAA,Real Estate,16235446272,28.65678,32.59277,2.7218575,9.622,0.09408,0.03294,0.25233,0.27229,87.122,0.04,0.021,0.776,0.006,-0.139,-2.344803597122302
MRNA,Healthcare,9401051136,,-2.7655172,1.0082977,2.522,-0.29317,-0.15494001,-1.39606,-0.25591,7.867,3.925,3.509,1.111,-0.454,,
MHK,Consumer Cyclical,7119695360,17.077496,10.27713,0.8509453,0.831,0.051999997,0.03196,0.03927,0.06664,28.031,2.246,1.034,1.239,0.014,-0.314,-0.32729713375796177
MOH,Healthcare,7911574016,8.982769,5.6775575,1.7763094,0.068,0.19708,0.052729998,0.020610001,0.01249,91.911,1.678,1.599,0.513,0.116,-0.734,-0.07735091961852861
TAP,Consumer Defensive,9195644928,,7.841484,0.8900714,1.34,-0.17295,0.044060003,-0.18638,0.16489,61.017,0.604,0.377,0.45,-0.023,,
MDLZ,Consumer Defensive,72448008192,20.970037,16.323616,2.7597594,2.467,0.13101,0.03727,0.0938,0.10837,83.621,0.611,0.307,0.397,0.059,-0.095,-1.7182753684210528
MPWR,Technology,45616087040,24.452492,55.423748,12.784371,16.673,0.64029,0.1225,0.7122,0.26477,0.528,4.771,3.412,1.464,0.189,0.258,2.1482072868217057
MNST,Consumer Defensive,72993251328,42.448864,39.95187,9.423562,8.837,0.25538,0.16877002,0.21654,0.30738002,0.779,3.185,2.629,0.488,0.168,0.395,1.011439746835443
MCO,Financial Services,87498317824,39.215435,36.624626,21.993599,12.316,0.54914004,0.13188,0.29916,0.46886003,181.347,1.84,1.637,1.455,0.107,0.229,1.5993286462882095
MS,Financial Services,269924401152,17.324795,21.322824,2.6846926,2.566,0.15135,0.01245,0.23606001,0.38872,420.553,2.266,1.85,1.217,0.191,0.489,0.43604957055214727
MOS,Basic Materials,7738403840,6.316062,9.910568,0.6054736,1.055,0.101169996,0.02856,0.10334,0.11958,37.134,1.141,0.328,0.937,0.228,2.395,0.041380242171189976
MSI,Technology,62902964224,30.301765,25.70184,27.047783,6.359,1.1517,0.11384,0.18704,0.26554,423.891,1.027,0.79,0.988,0.078,0.012,21.418200000000002
MSCI,Financial Services,41123115008,34.72652,32.117954,-21.474983,15.177,,0.19145,0.40032002,0.56425,,0.882,0.77,1.313,0.095,0.19,1.6904186315789473
NDAQ,Financial Services,50786619392,31.610716,28.187899,4.216368,7.306,0.14054,0.048660003,0.19895001,0.31614,79.867,0.986,0.175,1.03,0.029,0.377,0.7476896286472149
NTAP,Technology,23121797120,20.144348,15.281003,23.259037,3.414,1.25346,0.10062,0.17733999,0.24751,277.789,1.341,1.155,1.41,0.028,0.063,2.425556031746032
NFLX,Communication Services,463351283712,45.753136,4.598402,17.853062,10.86,0.42861,0.14739999,0.24047,0.28219998,65.822,1.332,1.132,1.703,0.172,0.087,0.5285519540229886
NEM,Basic Materials,99387727872,14.071541,23.624022,2.9764137,4.586,0.22875999,0.10552,0.33423,0.4685,16.914,2.039,1.379,0.441,0.2,1.081,0.2185385938945421
NWSA,Communication Services,14820326400,30.60241,23.962265,1.645504,1.834,0.070250005,0.03738,0.138,0.10448,31.439,1.763,1.524,0.97,0.023,-0.052,-4.608127884615384
NWS,Communication Services,16167937024,34.903614,25.958084,1.8767815,2.07,0.070250005,0.03738,0.138,0.10448,31.439,1.763,1.524,0.97,0.023,-0.052,-4.991939230769231
NEE,Utilities,176147136512,26.850794,22.983696,3.2510762,10.545,0.08236,0.02447,0.24729,0.30768,144.161,0.553,0.357,0.738,0.053,0.311,0.7390255948553054
NKE,Consumer Cyclical,95979610112,33.297436,20.102167,7.121079,2.12,0.21122,0.05685,0.062340003,0.0791,82.128,2.19,1.241,1.293,0.011,-0.3,-0.6700722333333334
NI,Utilities,19998806016,22.242105,22.720428,2.2114074,6.006,0.09073,0.03312,0.14155,0.22873,140.579,0.523,0.237,0.63,0.183,0.057,3.9860399999999996
NDSN,Industrials,13366061056,29.752201,22.721422,4.4569435,5.518,0.15594,0.0769,0.16341999,0.26538,74.482,1.694,0.941,1.019,0.121,0.088,2.5819797727272733
NSC,Industrials,65464799232,22.270992,21.483799,4.3236957,6.677,0.2048,0.061139997,0.24219,0.36578,116.353,0.862,0.715,1.322,0.017,-0.349,-0.6155816332378224
NTRS,Financial Services,24867860480,15.201631,17.07199,2.0434284,4.178,0.13432,0.01059,0.21761,0.30332002,,,,1.282,0.042,0.032,5.334996875
NOC,Industrials,78316789760,19.682259,19.492872,4.885056,2.287,0.26152,0.06529,0.09819999,0.13221,109.401,1.109,0.924,0.044,0.043,0.096,2.0305075
NCLH,Consumer Cyclical,8390395904,13.258993,8.818182,3.8260329,2.432,0.39870998,0.04729,0.06846,0.25507998,699.717,0.195,0.078,2.101,0.047,-0.096,-0.918560625
NRG,Utilities,31738126336,24.52616,23.77971,23.897465,1.46,0.64186996,0.06809,0.04839,0.05527,615.076,1.053,0.527,1.25,0.057,,
NUE,Basic Materials,36866838528,22.625,17.21047,1.7749987,1.322,0.09014,0.045539998,0.05185,0.10421,31.248,2.774,1.417,1.867,0.145,1.505,0.11435528239202658
NVDA,Technology,4410385629184,44.80494,44.043694,37.093212,23.296,1.07359,0.53528,0.53007,0.63168997,9.102,4.468,3.605,2.269,0.625,0.667,0.6603252473763118
NVR,Consumer Cyclical,21002629120,16.722254,14.672523,5.4820476,1.958,0.348,0.18898001,0.13545,0.17104,27.023,6.389,2.826,1.009,-0.049,-0.139,-1.0555771942446042
NXPI,Technology,54292877312,26.58642,16.476665,5.4052362,5.219,0.20872,0.07891,0.17111,0.28238,117.34,2.375,1.409,1.463,-0.024,-0.111,-1.4843842342342344
ORLY,Consumer Cyclical,84467867648,34.54671,2.221629,-94.54545,5.295,,0.13656001,0.14225,0.20742,,0.757,0.092,0.621,0.078,0.126,0.17631976190476192
OXY,Energy,41359134720,30.867647,13.28481,1.4784293,2.664,0.05955,0.03299,0.08169,0.17723,62.221,0.935,0.636,0.392,-0.077,-0.334,-0.3977488023952096
ODFL,Industrials,29730387968,28.46278,23.976273,6.9489613,5.313,0.25059,0.15888,0.18967,0.25655,1.994,1.204,1.064,1.271,-0.043,-0.105,-2.2834545714285714
OMC,Communication Services,22997571584,10.68879,8.387732,3.0315833,1.155,0.27007,0.051170003,0.08307,0.15593,128.056,0.924,0.729,0.757,0.04,-0.103,-0.8143429126213593
ON,Technology,21053980672,70.520546,11.916666,2.6394587,3.474,0.03891,0.056939997,0.051570002,0.18505,45.833,5.231,3.189,1.571,-0.12,-0.326,-0.36554190184049073
OKE,Energy,46035161088,13.4375,12.244556,2.0851161,2.49,0.17847,0.062750004,0.105790004,0.18160999,152.218,0.904,0.659,0.935,0.719,0.262,0.4673494656488549
ORCL,Technology,573294444544,46.550926,28.086594,23.65326,11.396,0.69241995,0.07152,0.21079999,0.31381,452.534,0.618,0.498,1.636,0.122,-0.019,-14.782417894736843
OTIS,Industrials,34239539200,25.734512,20.821001,-6.2703943,2.92,,0.14044,0.09413,0.16992001,,0.936,0.764,1.004,0.04,-0.291,-0.7154983161512027
PCAR,Industrials,55613890560,20.762745,13.645618,2.8713598,2.117,0.14151,0.049569998,0.091120005,0.099209994,82.453,5.69,5.04,1.023,-0.19,-0.395,-0.3454586835443038
PKG,Consumer Cyclical,17325414400,19.449495,17.130783,3.6186128,2.375,0.19811001,0.08185001,0.10185,0.15683,91.618,3.158,1.932,0.906,0.06,-0.049,-3.496078163265306
PLTR,Technology,406828744704,396.9535,363.17023,61.73237,102.851,0.19504,0.07651,0.28114,0.33296,3.52,6.427,6.306,1.477,0.628,2.0,1.81585115
PANW,Technology,132346363904,120.177216,26.372223,15.163712,13.453,0.15324001,0.03179,0.11687,0.12005,4.951,0.985,0.848,0.772,0.157,-0.041,-6.4322495121951215
PSKY,Communication Services,17452103680,527.3333,15.329754,1.4468629,1.048,0.01279,0.03009,-0.00947,0.10012,111.017,1.336,0.968,1.184,-0.004,,
PH,Industrials,108693766144,30.578142,29.175951,7.867264,5.904,0.27294,0.08911,0.18178,0.21086,74.953,1.066,0.555,1.255,0.037,0.178,1.6390983707865168
PAYX,Technology,39869071360,24.838564,20.941399,10.040787,7.46,0.41266,0.108100004,0.27855,0.36727002,126.47,1.268,0.515,0.894,0.168,-0.102,-2.0530783333333336
PAYC,Technology,9110755328,20.118011,18.572247,5.105933,4.298,0.28557,0.07124,0.22645001,0.22826,4.943,1.223,0.242,0.83,0.092,0.496,0.37444046370967743
PYPL,Financial Services,60093304832,12.630523,12.862987,2.9304883,1.834,0.24358,0.047,0.14963001,0.19198999,60.239,1.34,0.264,1.433,0.073,0.313,0.4109580511182109
PNR,Industrials,17239011328,26.75827,21.682476,4.5496235,4.547,0.17966999,0.091120005,0.15844,0.23982,44.76,1.462,0.72,1.207,0.029,0.333,0.6511254054054053
PEP,Consumer Defensive,203458576384,28.252851,17.220161,10.493574,2.658,0.37162,0.08365,0.078200005,0.16903,260.19,0.912,0.676,0.423,0.027,-0.108,-1.5944593518518517
PFE,Healthcare,142995554304,14.622092,8.583617,1.5409596,3.03,0.105979994,0.05189,0.15654999,0.35277,66.531,1.282,0.904,0.425,-0.059,-0.213,-0.4029867136150235
PCG,Utilities,33671989248,12.873949,10.351351,1.1076567,3.832,0.0876,0.02394,0.10492,0.21312,185.52,0.941,0.409,0.372,0.052,0.378,0.27384526455026453
PM,Consumer Defensive,240687464448,22.088572,21.475,-22.053915,7.219,,0.14938,0.21574,0.40747002,,0.848,0.369,0.444,0.094,0.131,1.6393129770992365
PSX,Energy,55595376640,37.080864,14.496313,2.059277,0.58,0.056199998,0.02456,0.011410001,0.04395,77.483,1.227,0.69,0.916,-0.029,-0.61,-0.23764447540983608
PNW,Utilities,10597388288,18.25567,18.918804,1.4784265,4.684,0.087749995,0.02342,0.11198,0.32109,197.565,0.675,0.352,0.534,0.029,0.006,31.531340000000004
PNC,Financial Services,75463548928,12.406331,12.794804,1.4155464,6.089,0.11486,0.01163,0.29937,0.39788,,,,1.017,0.108,0.246,0.5201139837398373
POOL,Industrials,9132835840,22.32938,20.34331,6.6180806,1.96,0.29307,0.10717,0.07784,0.122650005,100.725,2.57,0.795,1.222,0.013,0.04,5.0858275
PPG,Basic Materials,22626424832,17.93381,11.327683,2.8841453,1.826,0.1616,0.06034,0.06348,0.1416,99.56,1.465,1.004,1.161,0.012,-0.001,-113.27683
PPL,Utilities,26053615616,23.959185,19.245901,1.8071733,4.899,0.076620005,0.030079998,0.12162,0.26619,132.089,0.774,0.546,0.704,0.084,0.489,0.3935767075664622
PFG,Financial Services,18783836160,12.363636,9.990521,1.5939207,1.051,0.13767,0.00368,0.099580005,0.06856,34.137,1.557,0.375,0.895,0.222,,
PG,Consumer Defensive,341383184384,21.26239,19.657682,6.492189,4.317,0.31902,0.10746,0.19739,0.2758,67.125,0.714,0.465,0.381,0.03,0.214,0.9185832710280375
PGR,Financial Services,134144860160,12.562328,16.57681,3.782032,1.636,0.34223998,0.076009996,0.12579,0.15079,19.455,0.297,0.231,0.373,0.142,0.121,1.369984297520661
PLD,Real Estate,119758815232,37.47965,36.62784,2.2775126,17.486,0.05963,0.0247,0.35243,0.42720002,62.789,0.767,0.565,1.411,0.087,-0.243,-1.5073185185185185
PRU,Financial Services,37957046272,14.773972,7.341729,1.1758869,0.937,0.085,0.0026699998,0.04538,0.09917,148.723,0.841,0.732,0.97,-0.083,2.234,0.03286360340196956
PEG,Utilities,40271745024,19.394232,19.823095,2.3669543,5.414,0.12579,0.03364,0.17768,0.2703,138.209,0.934,0.515,0.607,0.221,0.192,1.0324528645833333
PTC,Technology,21141016576,28.978653,25.211428,5.513449,8.128,0.2085,0.096920006,0.26795998,0.50643003,35.802,1.118,0.967,1.019,0.427,1.748,0.14423013729977116
PSA,Real Estate,47929475072,28.3361,25.697084,9.659123,12.955,0.19933,0.07022,0.39453998,0.46947,106.758,0.269,0.205,0.985,0.031,0.213,1.2064358685446008
PHM,Consumer Cyclical,24968007680,9.764661,9.374074,1.9256812,1.44,0.21569,0.122279994,0.14926,0.17336,16.939,6.449,0.601,1.319,-0.016,-0.116,-0.8081098275862069
PWR,Industrials,67805978624,67.566124,44.755905,8.0760145,2.693,0.13369,0.047859997,0.03744,0.07105,71.612,1.344,1.211,1.143,0.175,0.149,3.003752013422819
QCOM,Technology,184185307136,34.14,13.957482,8.6452265,4.252,0.2334,0.14713,0.12512,0.26235,73.767,2.816,1.582,1.208,0.1,,
DGX,Healthcare,20413368320,21.400938,18.703894,2.7918394,2.431,0.14353,0.0612,0.08931,0.14915,86.524,1.128,0.886,0.623,0.132,0.085,2.2004581176470586
RL,Consumer Cyclical,21581404160,26.323225,27.3341,8.366009,3.013,0.34005,0.09596,0.112840004,0.14074999,111.231,2.04,1.271,1.548,0.165,0.437,0.6254942791762014
RJF,Financial Services,31032121344,15.11068,13.971274,2.482178,1.404,0.17666,0.024939999,0.15234,0.20146,48.456,2.118,2.1,1.006,0.07,0.035,3.991792571428571
RTX,Industrials,226322317312,34.590164,27.62684,3.5081158,3.058,0.10702,0.03787,0.07666,0.12399,61.315,1.073,0.665,0.431,0.119,0.294,0.9396884353741497
O,Real Estate,52894584832,53.738316,36.16352,1.3545028,14.555,0.02488,0.02268,0.17135,0.44514,73.977,1.362,0.833,0.809,0.103,0.152,2.379178947368421
REG,Real Estate,12885353472,32.12385,33.34762,1.9366168,11.551,0.0602,0.03056,0.26093,0.39363,73.101,0.88,0.723,0.943,0.077,0.074,4.506435135135136
REGN,Healthcare,78642683904,17.793764,16.376076,2.463921,4.94,0.15188,0.06157,0.32131,0.29563,8.739,4.063,3.193,0.386,0.009,0.18,0.9097820000000001
RF,Financial Services,22673555456,11.193832,11.243362,1.2706906,,0.11401,0.01359,0.31044,0.46976003,,,,1.054,0.156,,
RSG,Industrials,66398937088,31.647322,31.229074,5.5536118,4.803,0.18249,0.06343,0.12768,0.19919,113.763,0.583,0.51,0.553,0.033,-0.022,-14.195033636363638
RMD,Healthcare,36615643136,25.701845,24.378038,5.980736,6.862,0.25413,0.14185001,0.2735,0.34618,13.826,2.888,1.866,0.87,0.091,0.123,1.9819543089430893
RVTY,Healthcare,11924135936,52.95361,19.908916,1.5881827,5.006,0.0304,0.02093,0.08441,0.13788,45.676,1.753,1.318,1.073,0.022,-0.474,-0.4200193248945148
ROK,Industrials,43984338944,51.003914,34.315792,12.033591,5.653,0.20282,0.079169996,0.104169995,0.19732,98.275,1.135,0.696,1.507,0.138,-0.412,-0.8329075728155341
ROL,Consumer Cyclical,29302069248,56.915886,54.375,19.266056,8.233,0.36208,0.14887,0.14019,0.22037001,59.534,0.773,0.575,0.791,0.12,0.205,2.652439024390244
ROP,Technology,47807164416,30.588842,22.185314,2.39122,7.375,0.081549995,0.041050002,0.20337,0.28401,47.288,0.577,0.459,0.939,0.143,0.082,2.7055260975609756
ROST,Consumer Cyclical,58077917184,27.788734,26.542603,9.695332,2.641,0.37425,0.10819,0.0947,0.11578,88.181,1.52,0.85,1.048,0.104,0.068,3.903323970588235
RCL,Consumer Cyclical,72290746368,17.826496,18.550034,7.1494455,5.335,0.46677,0.07463,0.23318,0.33139,203.878,0.165,0.069,1.906,0.052,0.363,0.511020220385675
SPGI,Financial Services,149966405632,35.72436,29.221298,4.498013,10.899,0.119940005,0.06626,0.28091,0.44316003,31.784,0.974,0.78,1.191,0.088,0.241,1.212501991701245
CRM,Technology,224382763008,34.114826,21.08805,3.6548944,5.566,0.11201999,0.055209998,0.16868,0.22820999,19.255,1.124,0.931,1.243,0.098,0.333,0.6332747747747747
SBAC,Real Estate,19924084736,23.51824,20.389313,-4.046094,12.403,,0.0896,0.30724,0.53851,,0.504,0.399,0.863,0.097,-0.083,-2.456543734939759
SLB,Energy,54319063040,14.147861,9.907357,2.1188812,1.838,0.15182,0.0686,0.10341,0.15479,47.459,1.387,0.904,0.732,-0.025,-0.398,-0.24892856783919592
STX,Technology,58143510528,34.258022,27.512371,-904.6441,6.369,,0.1699,0.17922,0.26892,,0.979,0.562,1.62,0.213,0.723,0.38053071922544957
SRE,Utilities,59361382400,27.984615,17.694551,1.905071,7.375,0.0677,0.01845,0.15754,0.14503,81.287,1.587,0.085,0.735,0.135,-0.882,-0.20061849206349205
NOW,Technology,171595530240,100.04612,49.36407,15.141241,13.271,0.16813,0.056500003,0.13665,0.16789,21.255,1.063,0.885,0.961,0.218,0.159,3.1046584905660377
SHW,Basic Materials,84147494912,32.990227,26.407667,18.796434,4.182,0.59939,0.09191,0.110489994,0.18197,325.153,0.822,0.46,1.242,0.032,0.053,4.982578679245283
SPG,Real Estate,68715798528,26.516739,26.86873,25.75569,13.794,0.82455003,0.058319997,0.36498,0.50757,884.863,0.592,0.592,1.399,0.082,0.274,0.9806105839416057
SWKS,Technology,10145907712,22.155844,10.662499,1.7625787,2.441,0.0789,0.03948,0.116739996,0.10235,20.898,2.325,1.491,1.296,0.073,1.545,0.06901293851132687
SJM,Consumer Defensive,10776127488,,9.591643,1.7782003,2.129,-0.17438,0.0452,-0.13608,0.19118999,131.357,0.885,0.281,0.211,0.026,,
SW,Consumer Cyclical,17989318656,23.59589,9.542936,0.9731914,1.003,0.04099,0.02747,0.02402,0.07672,76.445,1.482,0.776,1.005,0.043,,
SNA,Industrials,17765799936,17.859465,16.927435,3.0436373,3.422,0.18330999,0.10019,0.19827999,0.25257,22.27,4.399,3.222,0.777,0.036,0.068,2.489328676470588
SOLV,Healthcare,14845375488,9.826635,15.477395,2.9772506,2.183,0.37271,0.03208,0.18139,0.07824,103.028,1.5,0.959,,0.007,9.314,0.01661734485720421
SO,Utilities,98042380288,22.149254,20.61111,2.801057,5.939,0.11429,0.03457,0.15422,0.36558998,192.679,0.755,0.433,0.44,0.075,0.108,1.908436111111111
LUV,Industrials,18607400960,56.238094,22.283018,2.3563447,0.746,0.04168,0.00712,0.0137600005,0.00504,67.618,0.491,0.376,1.182,0.012,-0.091,-2.4486832967032965
SWK,Industrials,11034004480,24.565516,12.97632,1.2288266,1.175,0.04918,0.02863,0.02892,0.09042,78.538,1.109,0.288,1.204,0.001,-0.434,-0.2989935483870968
SBUX,Consumer Cyclical,96880918528,52.269936,22.903225,-11.962931,3.228,,0.07266,0.04992,0.10976,,0.723,0.465,0.984,0.055,-0.854,-0.26818764637002346
STT,Financial Services,33765416960,12.648247,12.74304,1.3947383,-3.564,0.111499995,0.0084,0.21877001,0.32749,,,,1.456,0.094,0.23,0.5540452173913044
STLD,Basic Materials,24675905536,22.232096,16.696217,2.7236984,1.558,0.12550999,0.05547,0.0639,0.10516,42.166,3.107,1.294,1.477,0.112,0.337,0.49543670623145397
STE,Healthcare,25538613248,37.148994,26.008022,3.629162,4.77,0.101339996,0.06434,0.12073,0.18372999,29.314,2.37,1.425,1.026,0.099,0.286,0.9093713986013987
SYK,Healthcare,140227100672,48.057667,27.101257,6.436822,6.317,0.14036,0.07497,0.12071,0.22272,78.646,1.849,0.942,0.899,0.102,0.028,9.679020357142857
SMCI,Technology,19652288512,25.921259,7.764151,3.0118935,0.979,0.12787,0.04587,0.03766,0.03632,79.184,5.394,2.87,1.478,-0.155,-0.616,-0.12604141233766233
SYF,Financial Services,29347897344,8.649122,12.191654,1.7930939,2.884,0.21636999,0.030269999,0.37066,0.53381,,,,1.455,0.207,0.474,0.2572078902953587
SNPS,Technology,85632802816,60.64103,30.218561,3.0178378,14.92,0.065019995,0.02305,0.31042,0.095,54.828,1.625,1.396,1.146,0.14,-0.427,-0.707694637002342
SYY,Consumer Defensive,35646418944,19.957106,15.130081,17.235472,0.602,0.8346,0.08311,0.02211,0.041750003,690.715,1.148,0.615,0.623,0.032,0.0,
TMUS,Communication Services,236484296704,20.243738,19.693533,3.8863306,4.113,0.19034,0.05743,0.13826999,0.2223,200.622,0.893,0.566,0.435,0.089,-0.077,-2.557601688311688
TROW,Financial Services,22514221056,11.174482,10.959358,2.0720685,2.827,0.1867,0.10049,0.28892002,0.35474,4.09,3.81,3.81,1.54,0.06,0.087,1.2596963218390806
TTWO,Communication Services,45608960000,,31.483418,13.284,7.557,-0.86609,-0.0062599997,-0.64265,-0.054970004,102.325,1.154,1.018,0.954,0.311,,
TPR,Consumer Cyclical,22617421824,83.40459,22.953781,56.261585,3.582,0.16053,0.09236,0.03765,0.21213,1051.139,1.525,0.788,1.664,0.131,0.62,0.37022227419354836
TRGP,Energy,36969963520,23.153639,20.799032,13.6360035,3.125,0.4985,0.08448,0.09949,0.2016,615.121,0.773,0.52,0.902,0.078,0.257,0.8093008560311284
TGT,Consumer Defensive,41109491712,10.966061,8.607992,2.6426942,0.547,0.25094998,0.05866,0.03576,0.04626,132.062,0.975,0.18,1.125,-0.016,-0.184,-0.46782565217391303
TEL,Technology,67615821824,37.325203,25.533928,5.3727326,4.217,0.14618,0.08783,0.106709994,0.19773,50.102,1.556,0.91,1.239,0.167,1.453,0.17573247075017204
TDY,Technology,23274543104,28.73739,23.099722,2.203827,4.209,0.08127,0.04685,0.13616,0.18545,23.989,1.787,1.031,1.026,0.067,-0.161,-1.4347653416149067
TER,Technology,30214428672,69.06909,44.691765,10.991262,10.392,0.15767999,0.08334,0.15495,0.18892,9.89,1.759,0.896,1.848,0.043,-0.157,-2.8466092356687898
TSLA,Consumer Cyclical,1427574620160,294.0,132.48148,17.84188,14.644,0.06791,0.0235,0.05314,0.06628,17.082,2.066,1.486,1.872,0.116,-0.371,-3.5709293800539084
TXN,Technology,159335366656,31.923498,29.806122,9.581238,9.736,0.29757,0.10697,0.29208001,0.36736,84.477,4.45,2.806,0.994,0.142,0.007,42.58017428571428
TPL,Energy,19869607936,41.832123,11.825355,14.524945,25.059,0.3937,0.27351,0.61676997,0.73521006,1.292,10.857,9.714,0.954,0.17,0.138,0.8569097826086957
TXT,Industrials,14689462272,18.037199,12.302985,1.9377056,1.21,0.11465,0.043670002,0.05809,0.09495,55.332,1.838,0.693,1.016,0.051,0.105,1.171712857142857
TMO,Healthcare,218049691648,33.5474,24.70711,4.273963,5.723,0.13116999,0.04942,0.15022,0.19277,69.75,1.498,0.946,0.906,0.049,0.005,49.41422
TJX,Consumer Cyclical,167364657152,33.116997,32.613045,18.048605,3.009,0.58396,0.12331,0.086789995,0.12489,140.977,1.094,0.426,0.769,0.075,0.123,2.6514670731707315
TKO,Communication Services,15987124224,74.0076,60.074074,4.0195775,9.497,0.08129,0.03032,0.08989,0.15632,42.785,1.456,0.982,0.254,-0.273,0.65,0.9242165230769231
TTD,Communication Services,19533268992,45.397728,20.699482,7.4464126,6.54,0.16783,0.05764,0.15717,0.21802999,14.456,1.71,1.644,1.05,0.177,0.211,0.9810181042654029
TSCO,Consumer Cyclical,28121638912,25.710146,4.781671,10.941612,2.186,0.45459,0.090100005,0.07176,0.09215,222.382,1.301,0.066,0.72,0.072,0.088,0.5433717045454547
TT,Industrials,91502764032,31.438839,32.50751,10.964112,4.498,0.3721,0.114209995,0.13926,0.20219,55.305,1.205,0.796,1.187,0.055,0.114,2.851535964912281
TDG,Industrials,75715059712,41.84522,30.902716,-7.820467,11.658,,0.10823,0.23485,0.47764,,3.214,2.158,0.923,0.115,0.34,0.9089034117647059
TRV,Financial Services,64955613184,11.350118,13.577412,2.0355005,1.368,0.19809,0.034560002,0.121350005,0.19687,29.318,0.338,0.205,0.549,0.048,0.52,0.2611040769230769
TRMB,Technology,19565105152,56.313015,27.589598,3.378133,5.755,0.06131,0.03812,0.099309996,0.18364,24.038,1.004,0.619,1.604,0.029,1.875,0.14714452266666667
TFC,Financial Services,59932946432,12.461125,11.767088,0.99531037,5.051,0.07982,0.00982,0.28605,0.39318,,,,0.886,0.025,0.048,2.4514766666666667
TYL,Technology,19966623744,64.10139,42.615883,5.5106087,8.507,0.091680005,0.045840003,0.13719,0.16434999,17.86,1.028,0.976,0.911,0.097,0.109,3.909714036697247
TSN,Consumer Defensive,20244121600,43.11278,16.382856,1.1192224,0.53,0.0276,0.025710002,0.00871,-0.0049799997,53.19,1.552,0.587,0.476,0.022,-0.87,-0.18830868965517242
USB,Financial Services,77311492096,11.368422,11.473441,1.3677284,3.663,0.1172,0.01044,0.27632,0.39486,,,,1.115,0.072,0.185,0.620186
UBER,Technology,182620110848,11.27027,37.105934,6.473719,3.774,0.72994006,0.051609997,0.33542,0.082650006,45.755,1.154,0.98,1.183,0.204,1.585,0.23410683911671923
UDR,Real Estate,13662788608,82.47727,77.21277,3.714052,10.861,0.03649,0.02016,0.08595,0.20661,144.858,0.159,0.002,0.717,0.066,0.976,0.7911144467213116
ULTA,Consumer Cyclical,24632440832,21.054552,23.963707,9.445066,2.284,0.48521,0.15983,0.10308,0.12367,87.863,1.395,0.212,0.869,0.093,0.091,2.633374395604396
UNP,Industrials,137755688960,19.73152,19.17754,7.960513,6.917,0.41619,0.09198,0.2873,0.41030997,189.829,0.748,0.527,1.001,0.025,0.095,2.0186884210526315
UAL,Industrials,33791770624,10.458918,8.633581,2.3615918,0.887,0.25588,0.04435,0.05643,0.0888,218.897,0.667,0.581,1.312,0.026,0.0,
UPS,Industrials,81088700416,14.772799,10.849035,5.122461,1.157,0.33618,0.07118,0.061490003,0.10175,184.32,1.305,1.174,1.096,-0.037,-0.141,-0.7694351063829789
URI,Industrials,51526381568,20.618692,17.089842,5.6740117,4.107,0.28781,0.08681,0.15826,0.26484,169.022,0.898,0.734,1.671,0.059,0.02,8.544921
UNH,Healthcare,293980864512,16.920752,10.854181,3.069662,0.812,0.17476,0.05361,0.04042,0.03813,75.734,0.823,0.745,0.429,0.122,-0.602,-0.18030200996677742
UHS,Healthcare,15189282816,11.365714,13.143171,2.0800543,1.179,0.20028,0.08218,0.08093,0.11605,70.037,1.031,0.854,1.285,0.134,0.542,0.24249392988929888
VLO,Energy,55460655104,37.19375,18.500519,2.2924023,0.543,0.052389998,0.03586,0.01283,0.05527,39.561,1.596,1.002,0.761,-0.032,2.096,0.08826583492366412
VTR,Real Estate,37616205824,151.09435,500.50003,3.0410511,9.132,0.021559998,0.021370001,0.042930003,0.15584,100.11,0.524,0.411,0.802,0.218,2.016,2.4826390376984127
VLTO,Industrials,25276669952,27.890411,27.146667,8.878424,4.837,0.37978,0.11594,0.16746001,0.23219,100.772,1.568,1.301,1.131,0.068,0.08,3.393333375
VRSN,Technology,23694956544,29.599768,29.326014,-11.492842,15.179,,0.47981,0.49855998,0.67836,,0.527,0.481,0.783,0.073,0.097,3.0233004123711336
VRSK,Industrials,31414913024,34.592308,30.843622,83.18535,11.262,2.68133,0.15722,0.30418,0.45529,1295.046,1.193,1.143,0.817,0.059,0.045,6.854138222222222
VZ,Communication Services,171229036544,8.658849,8.585624,1.6300727,2.473,0.19875,0.05175,0.14428,0.23932,164.799,0.739,0.574,0.324,0.015,0.5,0.17171247999999997
VRTX,Healthcare,111055609856,30.482054,23.076717,6.3514524,8.995,0.22307,0.12039,0.31349,0.40268,10.594,2.362,1.84,0.322,0.11,0.047,4.909939787234042
VTRS,Healthcare,12364343296,,4.0112357,0.81581354,1.837,-0.21087,0.02184,-0.26134002,0.107609995,97.03,1.351,0.644,0.837,0.002,,
VICI,Real Estate,30407684096,10.817491,10.421246,1.098795,12.095,0.10357001,0.05009,0.70175004,0.97673,62.925,37.05,37.048,0.711,0.044,0.014,7.443747142857142
V,Financial Services,639773245440,32.3474,26.036335,17.0065,15.97,0.52068,0.17261,0.50145,0.6575,68.807,1.078,0.757,0.82,0.115,0.12,2.1696945833333334
VST,Utilities,58464342016,62.068348,25.007246,21.373714,4.53,0.1731,0.03592,0.06701,0.21042,335.784,0.995,0.35,1.39,-0.209,-0.667,-0.3749212293853073
VMC,Basic Materials,38296821760,34.260048,31.920704,4.380365,5.463,0.13520999,0.06404,0.14189,0.23622,56.296,2.231,1.353,1.066,0.144,0.808,0.39505821782178213
WRB,Financial Services,27665543168,15.294118,16.735634,2.8222525,1.862,0.20887,0.03825,0.13007,0.17723,31.481,0.399,0.243,0.381,0.108,0.407,0.41119493857493866
GWW,Industrials,45973962752,26.953169,22.824745,12.85441,2.72,0.46719003,0.18964,0.09746,0.15180999,68.67,2.717,1.461,1.112,0.061,-0.38,-0.6006511842105263
WAB,Industrials,35624058880,30.28779,24.54417,3.223401,3.787,0.11147001,0.05862,0.10941,0.18468,51.131,1.424,0.664,0.995,0.084,0.11,2.231288181818182
WMT,Consumer Defensive,897078853632,39.3042,41.327206,9.327857,1.366,0.23661,0.06539,0.03259,0.0373,66.747,0.803,0.196,0.649,0.058,0.352,1.1740683522727273
DIS,Communication Services,188477407232,15.30365,20.35534,1.7088597,2.453,0.12203,0.04474,0.13136,0.11868,39.632,0.71,0.554,1.491,-0.005,1.873,0.10867773625200214
WBD,Communication Services,60784717824,129.10527,-188.69232,1.6869541,2.41,0.00969,0.01055,0.01281,0.087340005,89.857,1.074,0.628,1.615,-0.06,,
WM,Industrials,86431088640,33.785828,26.584883,9.079905,4.423,0.29328,0.07051,0.10345,0.18872999,245.399,0.843,0.731,0.594,0.149,-0.207,-1.2842938647342996
WAT,Healthcare,23731738624,36.637867,30.829079,10.180565,7.989,0.32987,0.11534,0.20891,0.27392998,66.042,1.534,0.965,1.178,0.08,-0.077,-4.003776493506494
WEC,Utilities,35161055232,20.510435,20.706896,2.5914028,5.946,0.12807,0.0306,0.17748,0.22163,151.448,0.498,0.261,0.556,0.129,0.093,2.226547956989247
WFC,Financial Services,276521025536,14.2207575,15.723134,1.6519309,3.741,0.115200005,0.01064,0.26629,0.33717,,,,1.106,0.075,0.169,0.9303629585798815
WELL,Real Estate,139461853184,141.1111,111.648346,3.5867474,15.279,0.0275,0.02001,0.09693,0.19906001,46.211,6.991,4.094,0.853,0.306,-0.437,-2.5548820594965673
WST,Healthcare,19642707968,40.508904,36.307182,6.4331656,6.401,0.16945,0.10222,0.16293,0.21849,9.93,2.87,2.016,1.165,0.077,0.038,9.554521578947368
WDC,Technology,54843858944,22.533804,18.160046,9.2931,,0.29707,0.0828,0.25459,0.15403,,1.213,0.844,1.893,,,
WY,Real Estate,15793874944,47.586956,25.453487,1.6718856,2.952,0.03419,0.019270001,0.0468,0.02854,58.233,1.227,0.58,1.086,0.021,1.859,0.13692031737493274
WSM,Consumer Cyclical,21256929280,19.653421,21.901598,10.366791,2.76,0.56918997,0.17867,0.14297,0.16950001,70.88,1.427,0.541,1.539,0.046,0.048,4.562832916666667
WMB,Energy,73529581568,31.196892,28.808613,5.8931193,8.964,0.16902,0.04537,0.20462999,0.39554,188.338,0.422,0.254,0.641,0.083,-0.085,-3.389248588235294
WTW,Financial Services,30794926080,15.104785,17.451078,3.9200082,3.496,0.27633,0.05075,0.21576001,0.18881,75.685,1.104,0.327,0.636,-0.0,,
WDAY,Technology,56887017472,90.27966,25.669878,6.33485,5.74,0.073359996,0.03178,0.06955,0.10855,42.719,1.829,1.721,1.142,0.126,0.306,0.8388849019607844
WYNN,Consumer Cyclical,13838235648,29.509975,26.511951,-37.031162,3.258,,0.055770002,0.07092,0.16931999,,1.757,1.605,1.099,0.083,,
XEL,Utilities,46755303424,24.09756,20.637075,2.2070198,5.711,0.09449001,0.02236,0.13459,0.26615998,167.891,0.795,0.478,0.454,0.074,-0.272,-0.7587159926470587
XYL,Industrials,33944455168,35.932987,29.351578,3.0292232,3.944,0.08555,0.047989998,0.10659,0.15653,18.253,1.957,1.32,1.168,0.078,0.045,6.522572888888889
YUM,Consumer Cyclical,40987111424,28.719845,24.279604,-5.4682174,6.504,,0.24031,0.17951,0.34410998,,1.694,1.458,0.678,0.084,0.044,5.518091818181818
ZBRA,Technology,12835784704,25.515608,15.796133,3.430827,2.691,0.14286,0.06394,0.09743,0.14621,62.984,1.607,1.132,1.671,0.052,-0.254,-0.621895
ZBH,Healthcare,18656811008,23.3598,10.946511,1.4626644,3.195,0.06421,0.043330003,0.100530006,0.17003,64.523,2.428,1.209,0.61,0.097,-0.057,-1.9204405263157893
ZTS,Healthcare,55149752320,20.949495,19.62776,10.177476,6.39,0.49868,0.15089,0.28211,0.39333,135.05,3.643,2.006,0.962,0.005,0.085,2.3091482352941175
